track_id,path,genre_top,split,subset,duration_sec,license_status,notes
2,../../datasets/FMA_small/fma_small/fma_small/000/000002.mp3,Hip-Hop,training,small,168,Attribution-NonCommercial-ShareAlike 3.0 International,
5,../../datasets/FMA_small/fma_small/fma_small/000/000005.mp3,Hip-Hop,training,small,206,Attribution-NonCommercial-ShareAlike 3.0 International,
10,../../datasets/FMA_small/fma_small/fma_small/000/000010.mp3,Pop,training,small,161,Attribution-NonCommercial-NoDerivatives (aka Music Sharing) 3.0 International,
140,../../datasets/FMA_small/fma_small/fma_small/000/000140.mp3,Folk,training,small,253,Attribution-Noncommercial-No Derivative Works 3.0 United States,
141,../../datasets/FMA_small/fma_small/fma_small/000/000141.mp3,Folk,training,small,182,Attribution-Noncommercial-No Derivative Works 3.0 United States,
148,../../datasets/FMA_small/fma_small/fma_small/000/000148.mp3,Experimental,validation,small,138,Attribution-Noncommercial-Share Alike 3.0 United States,
182,../../datasets/FMA_small/fma_small/fma_small/000/000182.mp3,Rock,test,small,228,Attribution-Noncommercial-No Derivative Works 3.0 United States,
190,../../datasets/FMA_small/fma_small/fma_small/000/000190.mp3,Folk,training,small,249,Attribution-NonCommercial-ShareAlike 3.0 International,
193,../../datasets/FMA_small/fma_small/fma_small/000/000193.mp3,Folk,training,small,254,Attribution-NonCommercial-ShareAlike 3.0 International,
194,../../datasets/FMA_small/fma_small/fma_small/000/000194.mp3,Folk,training,small,192,Attribution-NonCommercial-ShareAlike 3.0 International,
197,../../datasets/FMA_small/fma_small/fma_small/000/000197.mp3,Folk,training,small,68,Attribution-NonCommercial-ShareAlike 3.0 International,
200,../../datasets/FMA_small/fma_small/fma_small/000/000200.mp3,Folk,training,small,194,Attribution-NonCommercial-ShareAlike 3.0 International,
203,../../datasets/FMA_small/fma_small/fma_small/000/000203.mp3,Folk,training,small,195,Attribution-NonCommercial-ShareAlike 3.0 International,
204,../../datasets/FMA_small/fma_small/fma_small/000/000204.mp3,Folk,training,small,324,Attribution-NonCommercial-ShareAlike 3.0 International,
207,../../datasets/FMA_small/fma_small/fma_small/000/000207.mp3,Folk,training,small,96,Attribution-NonCommercial-ShareAlike 3.0 International,
210,../../datasets/FMA_small/fma_small/fma_small/000/000210.mp3,Folk,training,small,184,Attribution-NonCommercial-ShareAlike 3.0 International,
211,../../datasets/FMA_small/fma_small/fma_small/000/000211.mp3,Folk,training,small,247,Attribution-NonCommercial-ShareAlike 3.0 International,
212,../../datasets/FMA_small/fma_small/fma_small/000/000212.mp3,Folk,training,small,230,Attribution-NonCommercial-ShareAlike 3.0 International,
213,../../datasets/FMA_small/fma_small/fma_small/000/000213.mp3,Pop,training,small,247,Attribution-NonCommercial-ShareAlike 3.0 International,
255,../../datasets/FMA_small/fma_small/fma_small/000/000255.mp3,Rock,training,small,182,Attribution-Noncommercial-Share Alike 3.0 United States,
256,../../datasets/FMA_small/fma_small/fma_small/000/000256.mp3,Rock,training,small,202,Attribution-NonCommercial-ShareAlike 3.0 International,
368,../../datasets/FMA_small/fma_small/fma_small/000/000368.mp3,Rock,training,small,280,Attribution-Noncommercial-No Derivative Works 2.0 UK: England ,
424,../../datasets/FMA_small/fma_small/fma_small/000/000424.mp3,Experimental,training,small,76,Attribution-NonCommercial-ShareAlike 3.0 International,
459,../../datasets/FMA_small/fma_small/fma_small/000/000459.mp3,Rock,validation,small,301,Attribution-NonCommercial-ShareAlike 3.0 International,
534,../../datasets/FMA_small/fma_small/fma_small/000/000534.mp3,Folk,training,small,80,Attribution-Noncommercial-Share Alike 3.0 United States,
540,../../datasets/FMA_small/fma_small/fma_small/000/000540.mp3,Folk,training,small,309,Attribution-Noncommercial-Share Alike 3.0 United States,
546,../../datasets/FMA_small/fma_small/fma_small/000/000546.mp3,Folk,training,small,319,Attribution-Noncommercial-Share Alike 3.0 United States,
574,../../datasets/FMA_small/fma_small/fma_small/000/000574.mp3,Rock,training,small,267,Attribution-NonCommercial-ShareAlike 3.0 International,
602,../../datasets/FMA_small/fma_small/fma_small/000/000602.mp3,Folk,validation,small,445,Attribution-NonCommercial-ShareAlike 3.0 International,
615,../../datasets/FMA_small/fma_small/fma_small/000/000615.mp3,Experimental,training,small,519,Attribution-NonCommercial-ShareAlike 3.0 International,
620,../../datasets/FMA_small/fma_small/fma_small/000/000620.mp3,Folk,training,small,205,Attribution-NonCommercial-ShareAlike 3.0 International,
621,../../datasets/FMA_small/fma_small/fma_small/000/000621.mp3,Folk,training,small,161,Attribution-NonCommercial-ShareAlike 3.0 International,
625,../../datasets/FMA_small/fma_small/fma_small/000/000625.mp3,Folk,training,small,234,Attribution-NonCommercial-ShareAlike 3.0 International,
666,../../datasets/FMA_small/fma_small/fma_small/000/000666.mp3,International,training,small,235,Attribution-NonCommercial-ShareAlike 3.0 International,
667,../../datasets/FMA_small/fma_small/fma_small/000/000667.mp3,International,training,small,246,Attribution-NonCommercial-ShareAlike 3.0 International,
676,../../datasets/FMA_small/fma_small/fma_small/000/000676.mp3,Hip-Hop,training,small,197,Attribution-NonCommercial-ShareAlike 3.0 International,
690,../../datasets/FMA_small/fma_small/fma_small/000/000690.mp3,Rock,validation,small,290,Attribution-NonCommercial-ShareAlike 3.0 International,
694,../../datasets/FMA_small/fma_small/fma_small/000/000694.mp3,Hip-Hop,training,small,291,Attribution-NonCommercial-ShareAlike 3.0 International,
695,../../datasets/FMA_small/fma_small/fma_small/000/000695.mp3,Hip-Hop,training,small,104,Attribution-NonCommercial-ShareAlike 3.0 International,
704,../../datasets/FMA_small/fma_small/fma_small/000/000704.mp3,International,test,small,310,Attribution-NonCommercial-ShareAlike 3.0 International,
705,../../datasets/FMA_small/fma_small/fma_small/000/000705.mp3,International,test,small,369,Attribution-NonCommercial-ShareAlike 3.0 International,
706,../../datasets/FMA_small/fma_small/fma_small/000/000706.mp3,International,test,small,312,Attribution-NonCommercial-ShareAlike 3.0 International,
707,../../datasets/FMA_small/fma_small/fma_small/000/000707.mp3,International,test,small,330,Attribution-NonCommercial-ShareAlike 3.0 International,
708,../../datasets/FMA_small/fma_small/fma_small/000/000708.mp3,International,test,small,289,Attribution-NonCommercial-ShareAlike 3.0 International,
709,../../datasets/FMA_small/fma_small/fma_small/000/000709.mp3,International,test,small,192,Attribution-NonCommercial-ShareAlike 3.0 International,
714,../../datasets/FMA_small/fma_small/fma_small/000/000714.mp3,Folk,training,small,338,Attribution-NonCommercial-ShareAlike 3.0 International,
715,../../datasets/FMA_small/fma_small/fma_small/000/000715.mp3,Folk,training,small,283,Attribution-NonCommercial-ShareAlike 3.0 International,
716,../../datasets/FMA_small/fma_small/fma_small/000/000716.mp3,Folk,training,small,297,Attribution-NonCommercial-ShareAlike 3.0 International,
718,../../datasets/FMA_small/fma_small/fma_small/000/000718.mp3,Folk,training,small,128,Attribution-NonCommercial-ShareAlike 3.0 International,
777,../../datasets/FMA_small/fma_small/fma_small/000/000777.mp3,Rock,training,small,90,Attribution-NonCommercial-ShareAlike 3.0 International,
814,../../datasets/FMA_small/fma_small/fma_small/000/000814.mp3,Folk,training,small,146,Attribution-NonCommercial-NoDerivatives (aka Music Sharing) 3.0 International,
821,../../datasets/FMA_small/fma_small/fma_small/000/000821.mp3,Pop,training,small,200,Attribution-NonCommercial-ShareAlike 3.0 International,
822,../../datasets/FMA_small/fma_small/fma_small/000/000822.mp3,Pop,training,small,323,Attribution-NonCommercial-ShareAlike 3.0 International,
825,../../datasets/FMA_small/fma_small/fma_small/000/000825.mp3,Rock,training,small,83,Attribution-NonCommercial-ShareAlike 3.0 International,
853,../../datasets/FMA_small/fma_small/fma_small/000/000853.mp3,International,training,small,137,Attribution-Noncommercial-Share Alike 3.0 United States,
890,../../datasets/FMA_small/fma_small/fma_small/000/000890.mp3,Folk,test,small,297,Attribution-NonCommercial-ShareAlike 3.0 International,
892,../../datasets/FMA_small/fma_small/fma_small/000/000892.mp3,Folk,test,small,480,Attribution-NonCommercial-ShareAlike 3.0 International,
897,../../datasets/FMA_small/fma_small/fma_small/000/000897.mp3,Experimental,training,small,275,Attribution-NonCommercial-ShareAlike 3.0 International,
993,../../datasets/FMA_small/fma_small/fma_small/000/000993.mp3,Rock,validation,small,86,Attribution-NonCommercial-ShareAlike 3.0 International,
995,../../datasets/FMA_small/fma_small/fma_small/000/000995.mp3,Experimental,training,small,298,Attribution-Noncommercial-Share Alike 3.0 United States,
997,../../datasets/FMA_small/fma_small/fma_small/000/000997.mp3,Experimental,training,small,520,Attribution-Noncommercial-Share Alike 3.0 United States,
998,../../datasets/FMA_small/fma_small/fma_small/000/000998.mp3,Experimental,training,small,475,Attribution-Noncommercial-Share Alike 3.0 United States,
1039,../../datasets/FMA_small/fma_small/fma_small/001/001039.mp3,Rock,training,small,169,Attribution-Noncommercial-Share Alike 3.0 United States,
1040,../../datasets/FMA_small/fma_small/fma_small/001/001040.mp3,Rock,training,small,310,Attribution-Noncommercial-Share Alike 3.0 United States,
1066,../../datasets/FMA_small/fma_small/fma_small/001/001066.mp3,Experimental,test,small,234,Attribution-Noncommercial-Share Alike 3.0 United States,
1069,../../datasets/FMA_small/fma_small/fma_small/001/001069.mp3,Experimental,test,small,110,Attribution-Noncommercial-Share Alike 3.0 United States,
1073,../../datasets/FMA_small/fma_small/fma_small/001/001073.mp3,Experimental,test,small,93,Attribution-Noncommercial-Share Alike 3.0 United States,
1075,../../datasets/FMA_small/fma_small/fma_small/001/001075.mp3,Experimental,test,small,62,Attribution-Noncommercial-Share Alike 3.0 United States,
1082,../../datasets/FMA_small/fma_small/fma_small/001/001082.mp3,International,training,small,187,Attribution-Noncommercial-Share Alike 3.0 United States,
1083,../../datasets/FMA_small/fma_small/fma_small/001/001083.mp3,Experimental,training,small,472,Attribution-Noncommercial-Share Alike 3.0 United States,
1087,../../datasets/FMA_small/fma_small/fma_small/001/001087.mp3,Rock,validation,small,315,Attribution-NonCommercial-ShareAlike 3.0 International,
1102,../../datasets/FMA_small/fma_small/fma_small/001/001102.mp3,Rock,training,small,327,Attribution-NonCommercial-ShareAlike 3.0 International,
1193,../../datasets/FMA_small/fma_small/fma_small/001/001193.mp3,Folk,training,small,286,Attribution-NonCommercial-NoDerivatives (aka Music Sharing) 3.0 International,
1195,../../datasets/FMA_small/fma_small/fma_small/001/001195.mp3,Folk,training,small,212,Attribution-NonCommercial-NoDerivatives (aka Music Sharing) 3.0 International,
1196,../../datasets/FMA_small/fma_small/fma_small/001/001196.mp3,Folk,training,small,221,Attribution-NonCommercial-NoDerivatives (aka Music Sharing) 3.0 International,
1197,../../datasets/FMA_small/fma_small/fma_small/001/001197.mp3,Folk,training,small,161,Attribution-NonCommercial-NoDerivatives (aka Music Sharing) 3.0 International,
1249,../../datasets/FMA_small/fma_small/fma_small/001/001249.mp3,Experimental,test,small,566,Attribution-Noncommercial-Share Alike 3.0 United States,
1259,../../datasets/FMA_small/fma_small/fma_small/001/001259.mp3,Experimental,test,small,208,Attribution-Noncommercial-Share Alike 3.0 United States,
1270,../../datasets/FMA_small/fma_small/fma_small/001/001270.mp3,Rock,training,small,149,Attribution-Noncommercial-Share Alike 3.0 United States,
1276,../../datasets/FMA_small/fma_small/fma_small/001/001276.mp3,Experimental,training,small,145,Attribution-NonCommercial-NoDerivatives (aka Music Sharing) 3.0 International,
1277,../../datasets/FMA_small/fma_small/fma_small/001/001277.mp3,Experimental,training,small,253,Attribution-NonCommercial-ShareAlike 3.0 International,
1278,../../datasets/FMA_small/fma_small/fma_small/001/001278.mp3,Experimental,training,small,592,Attribution-NonCommercial-ShareAlike 3.0 International,
1417,../../datasets/FMA_small/fma_small/fma_small/001/001417.mp3,Rock,training,small,232,Attribution-NonCommercial-ShareAlike 3.0 International,
1427,../../datasets/FMA_small/fma_small/fma_small/001/001427.mp3,Rock,training,small,248,Attribution-Noncommercial-Share Alike 3.0 United States,
1443,../../datasets/FMA_small/fma_small/fma_small/001/001443.mp3,Experimental,training,small,423,Attribution-Noncommercial-Share Alike 3.0 United States,
1482,../../datasets/FMA_small/fma_small/fma_small/001/001482.mp3,Electronic,training,small,216,Attribution-Noncommercial-Share Alike 3.0 United States,
1510,../../datasets/FMA_small/fma_small/fma_small/001/001510.mp3,Experimental,training,small,91,Attribution-Noncommercial-Share Alike 3.0 United States,
1544,../../datasets/FMA_small/fma_small/fma_small/001/001544.mp3,Folk,training,small,370,Attribution-NonCommercial-NoDerivatives (aka Music Sharing) 3.0 International,
1642,../../datasets/FMA_small/fma_small/fma_small/001/001642.mp3,Pop,training,small,68,Attribution-Noncommercial-Share Alike 3.0 United States,
1644,../../datasets/FMA_small/fma_small/fma_small/001/001644.mp3,Pop,training,small,146,Attribution-Noncommercial-Share Alike 3.0 United States,
1649,../../datasets/FMA_small/fma_small/fma_small/001/001649.mp3,Pop,training,small,139,Attribution-Noncommercial-Share Alike 3.0 United States,
1661,../../datasets/FMA_small/fma_small/fma_small/001/001661.mp3,Pop,training,small,127,Attribution-Noncommercial-Share Alike 3.0 United States,
1663,../../datasets/FMA_small/fma_small/fma_small/001/001663.mp3,Pop,training,small,200,Attribution-Noncommercial-Share Alike 3.0 United States,
1666,../../datasets/FMA_small/fma_small/fma_small/001/001666.mp3,Pop,training,small,282,Attribution-Noncommercial-Share Alike 3.0 United States,
1673,../../datasets/FMA_small/fma_small/fma_small/001/001673.mp3,Experimental,training,small,250,Attribution-Noncommercial-Share Alike 3.0 United States,
1680,../../datasets/FMA_small/fma_small/fma_small/001/001680.mp3,International,training,small,436,Attribution-Noncommercial-Share Alike 3.0 United States,
1681,../../datasets/FMA_small/fma_small/fma_small/001/001681.mp3,International,training,small,274,Attribution-Noncommercial-Share Alike 3.0 United States,
1682,../../datasets/FMA_small/fma_small/fma_small/001/001682.mp3,International,training,small,354,Attribution-Noncommercial-Share Alike 3.0 United States,
1683,../../datasets/FMA_small/fma_small/fma_small/001/001683.mp3,International,training,small,312,Attribution-Noncommercial-Share Alike 3.0 United States,
1684,../../datasets/FMA_small/fma_small/fma_small/001/001684.mp3,International,training,small,230,Attribution-Noncommercial-Share Alike 3.0 United States,
1685,../../datasets/FMA_small/fma_small/fma_small/001/001685.mp3,International,training,small,308,Attribution-Noncommercial-Share Alike 3.0 United States,
1686,../../datasets/FMA_small/fma_small/fma_small/001/001686.mp3,International,training,small,374,Attribution-Noncommercial-Share Alike 3.0 United States,
1687,../../datasets/FMA_small/fma_small/fma_small/001/001687.mp3,International,training,small,330,Attribution-Noncommercial-Share Alike 3.0 United States,
1688,../../datasets/FMA_small/fma_small/fma_small/001/001688.mp3,International,training,small,285,Attribution-Noncommercial-Share Alike 3.0 United States,
1689,../../datasets/FMA_small/fma_small/fma_small/001/001689.mp3,International,training,small,543,Attribution-Noncommercial-Share Alike 3.0 United States,
1701,../../datasets/FMA_small/fma_small/fma_small/001/001701.mp3,Folk,training,small,386,Attribution-Noncommercial-Share Alike 3.0 United States,
1702,../../datasets/FMA_small/fma_small/fma_small/001/001702.mp3,Folk,training,small,286,Attribution-Noncommercial-Share Alike 3.0 United States,
1703,../../datasets/FMA_small/fma_small/fma_small/001/001703.mp3,Folk,training,small,288,Attribution-Noncommercial-Share Alike 3.0 United States,
1704,../../datasets/FMA_small/fma_small/fma_small/001/001704.mp3,Folk,training,small,435,Attribution-Noncommercial-Share Alike 3.0 United States,
1706,../../datasets/FMA_small/fma_small/fma_small/001/001706.mp3,Rock,training,small,175,Attribution-Noncommercial-Share Alike 3.0 United States,
1720,../../datasets/FMA_small/fma_small/fma_small/001/001720.mp3,Rock,training,small,269,Attribution-Noncommercial-Share Alike 3.0 United States,
1732,../../datasets/FMA_small/fma_small/fma_small/001/001732.mp3,Experimental,training,small,341,Attribution-Noncommercial-Share Alike 3.0 United States,
1733,../../datasets/FMA_small/fma_small/fma_small/001/001733.mp3,Experimental,training,small,276,Attribution-Noncommercial-Share Alike 3.0 United States,
1735,../../datasets/FMA_small/fma_small/fma_small/001/001735.mp3,Experimental,training,small,132,Attribution-Noncommercial-Share Alike 3.0 United States,
1736,../../datasets/FMA_small/fma_small/fma_small/001/001736.mp3,Experimental,training,small,275,Attribution-Noncommercial-Share Alike 3.0 United States,
1883,../../datasets/FMA_small/fma_small/fma_small/001/001883.mp3,Rock,training,small,158,Attribution-NonCommercial-ShareAlike 3.0 International,
1891,../../datasets/FMA_small/fma_small/fma_small/001/001891.mp3,Rock,training,small,303,Attribution-Noncommercial-Share Alike 3.0 United States,
1893,../../datasets/FMA_small/fma_small/fma_small/001/001893.mp3,Folk,validation,small,202,Attribution-NonCommercial-ShareAlike 3.0 International,
1924,../../datasets/FMA_small/fma_small/fma_small/001/001924.mp3,Folk,training,small,167,Attribution-Noncommercial-Share Alike 3.0 United States,
1925,../../datasets/FMA_small/fma_small/fma_small/001/001925.mp3,Folk,training,small,170,Attribution-Noncommercial-Share Alike 3.0 United States,
1929,../../datasets/FMA_small/fma_small/fma_small/001/001929.mp3,Experimental,training,small,216,Attribution-NonCommercial-ShareAlike 3.0 International,
1930,../../datasets/FMA_small/fma_small/fma_small/001/001930.mp3,Rock,training,small,233,Attribution-Noncommercial-Share Alike 3.0 United States,
2012,../../datasets/FMA_small/fma_small/fma_small/002/002012.mp3,Experimental,validation,small,200,Attribution-NonCommercial-ShareAlike 3.0 International,
2096,../../datasets/FMA_small/fma_small/fma_small/002/002096.mp3,Experimental,training,small,453,Attribution-Noncommercial-Share Alike 3.0 United States,
2097,../../datasets/FMA_small/fma_small/fma_small/002/002097.mp3,Folk,training,small,257,Attribution-NonCommercial-NoDerivatives (aka Music Sharing) 3.0 International,
2099,../../datasets/FMA_small/fma_small/fma_small/002/002099.mp3,Pop,training,small,244,Attribution-Noncommercial-Share Alike 3.0 United States,
3263,../../datasets/FMA_small/fma_small/fma_small/003/003263.mp3,Folk,validation,small,208,Attribution-NonCommercial-ShareAlike 3.0 International,
3264,../../datasets/FMA_small/fma_small/fma_small/003/003264.mp3,Folk,validation,small,354,Attribution-NonCommercial-ShareAlike 3.0 International,
3265,../../datasets/FMA_small/fma_small/fma_small/003/003265.mp3,Folk,validation,small,171,Attribution-NonCommercial-ShareAlike 3.0 International,
3266,../../datasets/FMA_small/fma_small/fma_small/003/003266.mp3,Folk,validation,small,248,Attribution-NonCommercial-ShareAlike 3.0 International,
3270,../../datasets/FMA_small/fma_small/fma_small/003/003270.mp3,Folk,training,small,288,,
3271,../../datasets/FMA_small/fma_small/fma_small/003/003271.mp3,Folk,training,small,166,,
3272,../../datasets/FMA_small/fma_small/fma_small/003/003272.mp3,Folk,training,small,174,,
3273,../../datasets/FMA_small/fma_small/fma_small/003/003273.mp3,Folk,training,small,173,,
3274,../../datasets/FMA_small/fma_small/fma_small/003/003274.mp3,Folk,training,small,349,,
3492,../../datasets/FMA_small/fma_small/fma_small/003/003492.mp3,Rock,training,small,286,Attribution-Noncommercial-Share Alike 3.0 United States,
3532,../../datasets/FMA_small/fma_small/fma_small/003/003532.mp3,Pop,training,small,170,Attribution-Noncommercial-Share Alike 3.0 United States,
3533,../../datasets/FMA_small/fma_small/fma_small/003/003533.mp3,Pop,training,small,242,Attribution-Noncommercial-Share Alike 3.0 United States,
3534,../../datasets/FMA_small/fma_small/fma_small/003/003534.mp3,Pop,training,small,130,Attribution-Noncommercial-Share Alike 3.0 United States,
3535,../../datasets/FMA_small/fma_small/fma_small/003/003535.mp3,Pop,training,small,208,Attribution-Noncommercial-Share Alike 3.0 United States,
3537,../../datasets/FMA_small/fma_small/fma_small/003/003537.mp3,Pop,training,small,247,Attribution-Noncommercial-Share Alike 3.0 United States,
3538,../../datasets/FMA_small/fma_small/fma_small/003/003538.mp3,Pop,training,small,210,Attribution-Noncommercial-Share Alike 3.0 United States,
3573,../../datasets/FMA_small/fma_small/fma_small/003/003573.mp3,Electronic,training,small,235,Attribution-NonCommercial-ShareAlike 3.0 International,
3598,../../datasets/FMA_small/fma_small/fma_small/003/003598.mp3,Folk,training,small,139,Attribution-Noncommercial-Share Alike 3.0 United States,
3624,../../datasets/FMA_small/fma_small/fma_small/003/003624.mp3,Rock,test,small,184,Attribution-NonCommercial-ShareAlike 3.0 International,
3707,../../datasets/FMA_small/fma_small/fma_small/003/003707.mp3,Folk,training,small,341,Attribution-Noncommercial-Share Alike 3.0 United States,
3708,../../datasets/FMA_small/fma_small/fma_small/003/003708.mp3,Folk,training,small,245,Attribution-Noncommercial-Share Alike 3.0 United States,
3720,../../datasets/FMA_small/fma_small/fma_small/003/003720.mp3,Rock,training,small,240,Attribution-Noncommercial-Share Alike 3.0 United States,
3721,../../datasets/FMA_small/fma_small/fma_small/003/003721.mp3,Rock,training,small,318,Attribution-Noncommercial-Share Alike 3.0 United States,
3722,../../datasets/FMA_small/fma_small/fma_small/003/003722.mp3,Rock,training,small,202,Attribution-Noncommercial-Share Alike 3.0 United States,
3724,../../datasets/FMA_small/fma_small/fma_small/003/003724.mp3,Rock,training,small,370,Attribution-Noncommercial-Share Alike 3.0 United States,
3725,../../datasets/FMA_small/fma_small/fma_small/003/003725.mp3,Rock,training,small,289,Attribution-Noncommercial-Share Alike 3.0 United States,
3761,../../datasets/FMA_small/fma_small/fma_small/003/003761.mp3,Rock,training,small,257,Attribution-Noncommercial-Share Alike 3.0 United States,
3762,../../datasets/FMA_small/fma_small/fma_small/003/003762.mp3,Rock,training,small,541,Attribution-Noncommercial-Share Alike 3.0 United States,
3763,../../datasets/FMA_small/fma_small/fma_small/003/003763.mp3,Rock,training,small,180,Attribution-Noncommercial-Share Alike 3.0 United States,
3765,../../datasets/FMA_small/fma_small/fma_small/003/003765.mp3,Rock,training,small,444,Attribution-Noncommercial-Share Alike 3.0 United States,
3766,../../datasets/FMA_small/fma_small/fma_small/003/003766.mp3,Rock,training,small,282,Attribution-Noncommercial-Share Alike 3.0 United States,
3775,../../datasets/FMA_small/fma_small/fma_small/003/003775.mp3,International,training,small,594,Attribution-NonCommercial-ShareAlike 3.0 International,
3776,../../datasets/FMA_small/fma_small/fma_small/003/003776.mp3,International,training,small,363,Attribution-NonCommercial-ShareAlike 3.0 International,
3777,../../datasets/FMA_small/fma_small/fma_small/003/003777.mp3,International,training,small,445,Attribution-NonCommercial-ShareAlike 3.0 International,
3778,../../datasets/FMA_small/fma_small/fma_small/003/003778.mp3,International,training,small,258,Attribution-NonCommercial-ShareAlike 3.0 International,
3779,../../datasets/FMA_small/fma_small/fma_small/003/003779.mp3,International,training,small,423,Attribution-NonCommercial-ShareAlike 3.0 International,
3832,../../datasets/FMA_small/fma_small/fma_small/003/003832.mp3,Folk,training,small,419,Attribution,
3833,../../datasets/FMA_small/fma_small/fma_small/003/003833.mp3,Rock,training,small,316,Attribution,
3840,../../datasets/FMA_small/fma_small/fma_small/003/003840.mp3,Rock,training,small,489,Attribution,
3880,../../datasets/FMA_small/fma_small/fma_small/003/003880.mp3,Folk,training,small,258,Attribution,
3895,../../datasets/FMA_small/fma_small/fma_small/003/003895.mp3,International,training,small,467,Attribution-Noncommercial-Share Alike 3.0 United States,
3896,../../datasets/FMA_small/fma_small/fma_small/003/003896.mp3,International,training,small,374,Attribution-Noncommercial-Share Alike 3.0 United States,
3904,../../datasets/FMA_small/fma_small/fma_small/003/003904.mp3,Folk,training,small,263,Attribution-NonCommercial-ShareAlike 3.0 International,
3905,../../datasets/FMA_small/fma_small/fma_small/003/003905.mp3,Folk,training,small,508,Attribution-NonCommercial-ShareAlike 3.0 International,
3906,../../datasets/FMA_small/fma_small/fma_small/003/003906.mp3,Folk,training,small,264,Attribution-NonCommercial-ShareAlike 3.0 International,
3908,../../datasets/FMA_small/fma_small/fma_small/003/003908.mp3,Folk,training,small,337,Attribution-NonCommercial-ShareAlike 3.0 International,
3909,../../datasets/FMA_small/fma_small/fma_small/003/003909.mp3,Folk,training,small,410,Attribution-NonCommercial-ShareAlike 3.0 International,
3910,../../datasets/FMA_small/fma_small/fma_small/003/003910.mp3,Folk,training,small,361,Attribution-NonCommercial-ShareAlike 3.0 International,
3911,../../datasets/FMA_small/fma_small/fma_small/003/003911.mp3,Folk,training,small,158,Attribution-NonCommercial-ShareAlike 3.0 International,
3912,../../datasets/FMA_small/fma_small/fma_small/003/003912.mp3,Folk,training,small,218,Attribution-NonCommercial-ShareAlike 3.0 International,
3913,../../datasets/FMA_small/fma_small/fma_small/003/003913.mp3,Folk,training,small,388,Attribution-NonCommercial-ShareAlike 3.0 International,
3920,../../datasets/FMA_small/fma_small/fma_small/003/003920.mp3,Folk,training,small,194,Attribution-NonCommercial-ShareAlike 3.0 International,
3921,../../datasets/FMA_small/fma_small/fma_small/003/003921.mp3,Folk,training,small,157,Attribution-NonCommercial-ShareAlike 3.0 International,
3950,../../datasets/FMA_small/fma_small/fma_small/003/003950.mp3,Rock,training,small,150,Attribution,
4013,../../datasets/FMA_small/fma_small/fma_small/004/004013.mp3,Folk,training,small,353,Attribution-NonCommercial-ShareAlike 3.0 International,
4017,../../datasets/FMA_small/fma_small/fma_small/004/004017.mp3,Folk,training,small,403,Attribution-NonCommercial-ShareAlike 3.0 International,
4022,../../datasets/FMA_small/fma_small/fma_small/004/004022.mp3,Rock,validation,small,79,Attribution-NonCommercial-ShareAlike 3.0 International,
4037,../../datasets/FMA_small/fma_small/fma_small/004/004037.mp3,Folk,training,small,315,Attribution,
4066,../../datasets/FMA_small/fma_small/fma_small/004/004066.mp3,Folk,training,small,255,Attribution-Noncommercial-Share Alike 3.0 United States,
4067,../../datasets/FMA_small/fma_small/fma_small/004/004067.mp3,Folk,training,small,273,Attribution-Noncommercial-Share Alike 3.0 United States,
4068,../../datasets/FMA_small/fma_small/fma_small/004/004068.mp3,Folk,training,small,341,Attribution-Noncommercial-Share Alike 3.0 United States,
4069,../../datasets/FMA_small/fma_small/fma_small/004/004069.mp3,Folk,training,small,233,Attribution-Noncommercial-Share Alike 3.0 United States,
4070,../../datasets/FMA_small/fma_small/fma_small/004/004070.mp3,International,training,small,259,Attribution,
4071,../../datasets/FMA_small/fma_small/fma_small/004/004071.mp3,International,training,small,227,Attribution,
4072,../../datasets/FMA_small/fma_small/fma_small/004/004072.mp3,International,training,small,148,Attribution,
4073,../../datasets/FMA_small/fma_small/fma_small/004/004073.mp3,International,training,small,197,Attribution,
4074,../../datasets/FMA_small/fma_small/fma_small/004/004074.mp3,International,training,small,245,Attribution,
4075,../../datasets/FMA_small/fma_small/fma_small/004/004075.mp3,International,training,small,268,Attribution,
4076,../../datasets/FMA_small/fma_small/fma_small/004/004076.mp3,International,training,small,216,Attribution,
4077,../../datasets/FMA_small/fma_small/fma_small/004/004077.mp3,International,training,small,195,Attribution,
4078,../../datasets/FMA_small/fma_small/fma_small/004/004078.mp3,International,training,small,205,Attribution,
4079,../../datasets/FMA_small/fma_small/fma_small/004/004079.mp3,International,training,small,296,Attribution,
4080,../../datasets/FMA_small/fma_small/fma_small/004/004080.mp3,International,training,small,236,Attribution,
4091,../../datasets/FMA_small/fma_small/fma_small/004/004091.mp3,International,training,small,173,Attribution-Noncommercial-Share Alike 3.0 United States,
4092,../../datasets/FMA_small/fma_small/fma_small/004/004092.mp3,International,training,small,159,Attribution-Noncommercial-Share Alike 3.0 United States,
4093,../../datasets/FMA_small/fma_small/fma_small/004/004093.mp3,International,training,small,200,Attribution-Noncommercial-Share Alike 3.0 United States,
4094,../../datasets/FMA_small/fma_small/fma_small/004/004094.mp3,International,training,small,157,Attribution-Noncommercial-Share Alike 3.0 United States,
4095,../../datasets/FMA_small/fma_small/fma_small/004/004095.mp3,International,training,small,222,Attribution-Noncommercial-Share Alike 3.0 United States,
4096,../../datasets/FMA_small/fma_small/fma_small/004/004096.mp3,International,training,small,195,Attribution-Noncommercial-Share Alike 3.0 United States,
4097,../../datasets/FMA_small/fma_small/fma_small/004/004097.mp3,International,training,small,183,Attribution-Noncommercial-Share Alike 3.0 United States,
4098,../../datasets/FMA_small/fma_small/fma_small/004/004098.mp3,International,training,small,141,Attribution-Noncommercial-Share Alike 3.0 United States,
4099,../../datasets/FMA_small/fma_small/fma_small/004/004099.mp3,International,training,small,205,Attribution-Noncommercial-Share Alike 3.0 United States,
4100,../../datasets/FMA_small/fma_small/fma_small/004/004100.mp3,International,training,small,184,Attribution-Noncommercial-Share Alike 3.0 United States,
4101,../../datasets/FMA_small/fma_small/fma_small/004/004101.mp3,International,training,small,127,Attribution-Noncommercial-Share Alike 3.0 United States,
4102,../../datasets/FMA_small/fma_small/fma_small/004/004102.mp3,International,training,small,201,Attribution-Noncommercial-Share Alike 3.0 United States,
4103,../../datasets/FMA_small/fma_small/fma_small/004/004103.mp3,International,training,small,261,Attribution-Noncommercial-Share Alike 3.0 United States,
4108,../../datasets/FMA_small/fma_small/fma_small/004/004108.mp3,Rock,test,small,132,Attribution-NonCommercial-ShareAlike 3.0 International,
4232,../../datasets/FMA_small/fma_small/fma_small/004/004232.mp3,International,training,small,393,Attribution-NonCommercial-ShareAlike 3.0 International,
4233,../../datasets/FMA_small/fma_small/fma_small/004/004233.mp3,International,training,small,307,Attribution-NonCommercial-ShareAlike 3.0 International,
4234,../../datasets/FMA_small/fma_small/fma_small/004/004234.mp3,International,training,small,317,Attribution-NonCommercial-ShareAlike 3.0 International,
4235,../../datasets/FMA_small/fma_small/fma_small/004/004235.mp3,International,training,small,557,Attribution-NonCommercial-ShareAlike 3.0 International,
4236,../../datasets/FMA_small/fma_small/fma_small/004/004236.mp3,International,training,small,307,Attribution-NonCommercial-ShareAlike 3.0 International,
4239,../../datasets/FMA_small/fma_small/fma_small/004/004239.mp3,International,training,small,294,Attribution-NonCommercial-ShareAlike 3.0 International,
4450,../../datasets/FMA_small/fma_small/fma_small/004/004450.mp3,Folk,training,small,241,Attribution-Noncommercial-Share Alike 3.0 United States,
4507,../../datasets/FMA_small/fma_small/fma_small/004/004507.mp3,International,training,small,237,Attribution-Noncommercial-Share Alike 3.0 United States,
4508,../../datasets/FMA_small/fma_small/fma_small/004/004508.mp3,International,training,small,277,Attribution-Noncommercial-Share Alike 3.0 United States,
4509,../../datasets/FMA_small/fma_small/fma_small/004/004509.mp3,International,training,small,215,Attribution-Noncommercial-Share Alike 3.0 United States,
4510,../../datasets/FMA_small/fma_small/fma_small/004/004510.mp3,International,training,small,238,Attribution-Noncommercial-Share Alike 3.0 United States,
4511,../../datasets/FMA_small/fma_small/fma_small/004/004511.mp3,International,training,small,313,Attribution-Noncommercial-Share Alike 3.0 United States,
4519,../../datasets/FMA_small/fma_small/fma_small/004/004519.mp3,Electronic,training,small,117,Attribution-NonCommercial-ShareAlike 3.0 International,
4520,../../datasets/FMA_small/fma_small/fma_small/004/004520.mp3,Electronic,training,small,199,Attribution-NonCommercial-ShareAlike 3.0 International,
4521,../../datasets/FMA_small/fma_small/fma_small/004/004521.mp3,Electronic,training,small,184,Attribution-NonCommercial-ShareAlike 3.0 International,
4522,../../datasets/FMA_small/fma_small/fma_small/004/004522.mp3,Electronic,training,small,259,Attribution-NonCommercial-ShareAlike 3.0 International,
4682,../../datasets/FMA_small/fma_small/fma_small/004/004682.mp3,Hip-Hop,training,small,337,Attribution-Noncommercial-Share Alike 3.0 United States,
4684,../../datasets/FMA_small/fma_small/fma_small/004/004684.mp3,Hip-Hop,training,small,392,Attribution-Noncommercial-Share Alike 3.0 United States,
4685,../../datasets/FMA_small/fma_small/fma_small/004/004685.mp3,Hip-Hop,training,small,332,Attribution-Noncommercial-Share Alike 3.0 United States,
4688,../../datasets/FMA_small/fma_small/fma_small/004/004688.mp3,Hip-Hop,training,small,376,Attribution-Noncommercial-Share Alike 3.0 United States,
4777,../../datasets/FMA_small/fma_small/fma_small/004/004777.mp3,Rock,training,small,183,Attribution-NonCommercial-ShareAlike 3.0 International,
4778,../../datasets/FMA_small/fma_small/fma_small/004/004778.mp3,Rock,training,small,121,Attribution-NonCommercial-ShareAlike 3.0 International,
4779,../../datasets/FMA_small/fma_small/fma_small/004/004779.mp3,Rock,training,small,149,Attribution-NonCommercial-ShareAlike 3.0 International,
4780,../../datasets/FMA_small/fma_small/fma_small/004/004780.mp3,Rock,training,small,76,Attribution-NonCommercial-ShareAlike 3.0 International,
4781,../../datasets/FMA_small/fma_small/fma_small/004/004781.mp3,Rock,training,small,131,Attribution-NonCommercial-ShareAlike 3.0 International,
4782,../../datasets/FMA_small/fma_small/fma_small/004/004782.mp3,Rock,training,small,165,Attribution-NonCommercial-ShareAlike 3.0 International,
4784,../../datasets/FMA_small/fma_small/fma_small/004/004784.mp3,Rock,training,small,124,Attribution-NonCommercial-ShareAlike 3.0 International,
4785,../../datasets/FMA_small/fma_small/fma_small/004/004785.mp3,Rock,training,small,151,Attribution-NonCommercial-ShareAlike 3.0 International,
4786,../../datasets/FMA_small/fma_small/fma_small/004/004786.mp3,Rock,training,small,120,Attribution-NonCommercial-ShareAlike 3.0 International,
4787,../../datasets/FMA_small/fma_small/fma_small/004/004787.mp3,Rock,training,small,165,Attribution-NonCommercial-ShareAlike 3.0 International,
4788,../../datasets/FMA_small/fma_small/fma_small/004/004788.mp3,Rock,training,small,159,Attribution-NonCommercial-ShareAlike 3.0 International,
4799,../../datasets/FMA_small/fma_small/fma_small/004/004799.mp3,Rock,training,small,242,Attribution-NonCommercial-ShareAlike 3.0 International,
4835,../../datasets/FMA_small/fma_small/fma_small/004/004835.mp3,Rock,training,small,243,Attribution-Noncommercial-Share Alike 3.0 United States,
4836,../../datasets/FMA_small/fma_small/fma_small/004/004836.mp3,Rock,training,small,214,Attribution-Noncommercial-Share Alike 3.0 United States,
4838,../../datasets/FMA_small/fma_small/fma_small/004/004838.mp3,Rock,training,small,268,Attribution-Noncommercial-Share Alike 3.0 United States,
4846,../../datasets/FMA_small/fma_small/fma_small/004/004846.mp3,International,training,small,345,Attribution-NonCommercial-NoDerivatives (aka Music Sharing) 3.0 International,
4848,../../datasets/FMA_small/fma_small/fma_small/004/004848.mp3,International,training,small,211,Attribution-NonCommercial-NoDerivatives (aka Music Sharing) 3.0 International,
4849,../../datasets/FMA_small/fma_small/fma_small/004/004849.mp3,International,training,small,283,Attribution-NonCommercial-NoDerivatives (aka Music Sharing) 3.0 International,
5006,../../datasets/FMA_small/fma_small/fma_small/005/005006.mp3,Rock,training,small,121,Attribution-Noncommercial-Share Alike 3.0 United States,
5156,../../datasets/FMA_small/fma_small/fma_small/005/005156.mp3,Folk,training,small,324,Attribution-Noncommercial-Share Alike 3.0 United States,
5157,../../datasets/FMA_small/fma_small/fma_small/005/005157.mp3,Folk,training,small,298,Attribution-Noncommercial-Share Alike 3.0 United States,
5158,../../datasets/FMA_small/fma_small/fma_small/005/005158.mp3,Folk,training,small,226,Attribution-Noncommercial-Share Alike 3.0 United States,
5159,../../datasets/FMA_small/fma_small/fma_small/005/005159.mp3,Folk,training,small,286,Attribution-Noncommercial-Share Alike 3.0 United States,
5169,../../datasets/FMA_small/fma_small/fma_small/005/005169.mp3,Folk,training,small,329,Attribution-Noncommercial-Share Alike 3.0 United States,
5170,../../datasets/FMA_small/fma_small/fma_small/005/005170.mp3,Folk,training,small,356,Attribution-Noncommercial-Share Alike 3.0 United States,
5171,../../datasets/FMA_small/fma_small/fma_small/005/005171.mp3,Folk,training,small,199,Attribution-Noncommercial-Share Alike 3.0 United States,
5191,../../datasets/FMA_small/fma_small/fma_small/005/005191.mp3,Pop,validation,small,95,Attribution-Noncommercial-Share Alike 3.0 United States,
5264,../../datasets/FMA_small/fma_small/fma_small/005/005264.mp3,Hip-Hop,training,small,431,Attribution-NonCommercial-ShareAlike 3.0 International,
5268,../../datasets/FMA_small/fma_small/fma_small/005/005268.mp3,Hip-Hop,training,small,260,Attribution-NonCommercial-ShareAlike 3.0 International,
5376,../../datasets/FMA_small/fma_small/fma_small/005/005376.mp3,Folk,training,small,216,Attribution-Noncommercial-No Derivative Works 3.0 United States,
5381,../../datasets/FMA_small/fma_small/fma_small/005/005381.mp3,Folk,training,small,199,Attribution-Noncommercial-No Derivative Works 3.0 United States,
5521,../../datasets/FMA_small/fma_small/fma_small/005/005521.mp3,Experimental,training,small,178,Attribution-Noncommercial 3.0 United States,
5879,../../datasets/FMA_small/fma_small/fma_small/005/005879.mp3,Folk,training,small,321,Attribution-Noncommercial-Share Alike 3.0 United States,
5936,../../datasets/FMA_small/fma_small/fma_small/005/005936.mp3,Folk,training,small,207,Attribution-Noncommercial-Share Alike 3.0 United States,
5940,../../datasets/FMA_small/fma_small/fma_small/005/005940.mp3,Folk,training,small,184,Attribution-Noncommercial-Share Alike 3.0 United States,
6329,../../datasets/FMA_small/fma_small/fma_small/006/006329.mp3,International,training,small,225,Attribution-Noncommercial-Share Alike 3.0 United States,
6330,../../datasets/FMA_small/fma_small/fma_small/006/006330.mp3,International,training,small,201,Attribution-Noncommercial-Share Alike 3.0 United States,
6331,../../datasets/FMA_small/fma_small/fma_small/006/006331.mp3,International,validation,small,337,Attribution-Noncommercial-Share Alike 3.0 United States,
6332,../../datasets/FMA_small/fma_small/fma_small/006/006332.mp3,International,training,small,344,Attribution-Noncommercial-Share Alike 3.0 United States,
6333,../../datasets/FMA_small/fma_small/fma_small/006/006333.mp3,International,validation,small,277,Attribution-Noncommercial-Share Alike 3.0 United States,
6342,../../datasets/FMA_small/fma_small/fma_small/006/006342.mp3,International,training,small,290,Attribution-Noncommercial-Share Alike 3.0 United States,
6354,../../datasets/FMA_small/fma_small/fma_small/006/006354.mp3,International,training,small,214,Attribution-Noncommercial-Share Alike 3.0 United States,
6357,../../datasets/FMA_small/fma_small/fma_small/006/006357.mp3,International,training,small,214,Attribution-Noncommercial-Share Alike 3.0 United States,
6358,../../datasets/FMA_small/fma_small/fma_small/006/006358.mp3,International,validation,small,287,Attribution-Noncommercial-Share Alike 3.0 United States,
6360,../../datasets/FMA_small/fma_small/fma_small/006/006360.mp3,International,training,small,291,Attribution-Noncommercial-Share Alike 3.0 United States,
6363,../../datasets/FMA_small/fma_small/fma_small/006/006363.mp3,International,validation,small,350,Attribution-Noncommercial-Share Alike 3.0 United States,
6366,../../datasets/FMA_small/fma_small/fma_small/006/006366.mp3,International,training,small,340,Attribution-Noncommercial-No Derivative Works 3.0 United States,
6367,../../datasets/FMA_small/fma_small/fma_small/006/006367.mp3,International,training,small,236,Attribution-Noncommercial-Share Alike 3.0 United States,
6368,../../datasets/FMA_small/fma_small/fma_small/006/006368.mp3,International,validation,small,196,Attribution-Noncommercial-Share Alike 3.0 United States,
6370,../../datasets/FMA_small/fma_small/fma_small/006/006370.mp3,International,training,small,342,Attribution-Noncommercial-Share Alike 3.0 United States,
6372,../../datasets/FMA_small/fma_small/fma_small/006/006372.mp3,International,validation,small,274,Attribution-Noncommercial-Share Alike 3.0 United States,
6373,../../datasets/FMA_small/fma_small/fma_small/006/006373.mp3,International,training,small,307,Attribution-Noncommercial-Share Alike 3.0 United States,
6376,../../datasets/FMA_small/fma_small/fma_small/006/006376.mp3,International,validation,small,289,Attribution-Noncommercial-Share Alike 3.0 United States,
6379,../../datasets/FMA_small/fma_small/fma_small/006/006379.mp3,International,training,small,303,Attribution-Noncommercial-Share Alike 3.0 United States,
6380,../../datasets/FMA_small/fma_small/fma_small/006/006380.mp3,International,validation,small,180,Attribution-Noncommercial-Share Alike 3.0 United States,
6381,../../datasets/FMA_small/fma_small/fma_small/006/006381.mp3,International,training,small,294,Attribution-Noncommercial-Share Alike 3.0 United States,
6382,../../datasets/FMA_small/fma_small/fma_small/006/006382.mp3,International,training,small,390,Attribution-Noncommercial-Share Alike 3.0 United States,
6383,../../datasets/FMA_small/fma_small/fma_small/006/006383.mp3,International,training,small,312,Attribution-Noncommercial-Share Alike 3.0 United States,
6385,../../datasets/FMA_small/fma_small/fma_small/006/006385.mp3,International,validation,small,221,Attribution-Noncommercial-Share Alike 3.0 United States,
6387,../../datasets/FMA_small/fma_small/fma_small/006/006387.mp3,International,training,small,211,Attribution-Noncommercial-Share Alike 3.0 United States,
6389,../../datasets/FMA_small/fma_small/fma_small/006/006389.mp3,International,training,small,311,Attribution-Noncommercial-Share Alike 3.0 United States,
6390,../../datasets/FMA_small/fma_small/fma_small/006/006390.mp3,International,validation,small,385,Attribution-Noncommercial-Share Alike 3.0 United States,
6393,../../datasets/FMA_small/fma_small/fma_small/006/006393.mp3,International,training,small,331,Attribution-Noncommercial-No Derivative Works 3.0 United States,
6394,../../datasets/FMA_small/fma_small/fma_small/006/006394.mp3,International,training,small,443,Attribution-Noncommercial-Share Alike 3.0 United States,
6396,../../datasets/FMA_small/fma_small/fma_small/006/006396.mp3,International,training,small,440,Attribution-Noncommercial-Share Alike 3.0 United States,
6406,../../datasets/FMA_small/fma_small/fma_small/006/006406.mp3,Folk,training,small,157,Attribution-Noncommercial-Share Alike 3.0 United States,
6407,../../datasets/FMA_small/fma_small/fma_small/006/006407.mp3,Folk,training,small,429,Attribution-Noncommercial-Share Alike 3.0 United States,
6439,../../datasets/FMA_small/fma_small/fma_small/006/006439.mp3,Hip-Hop,training,small,173,Attribution-Noncommercial-Share Alike 3.0 United States,
6440,../../datasets/FMA_small/fma_small/fma_small/006/006440.mp3,Hip-Hop,training,small,138,Attribution-Noncommercial-Share Alike 3.0 United States,
6442,../../datasets/FMA_small/fma_small/fma_small/006/006442.mp3,Hip-Hop,training,small,80,Attribution-Noncommercial-Share Alike 3.0 United States,
6443,../../datasets/FMA_small/fma_small/fma_small/006/006443.mp3,Hip-Hop,training,small,159,Attribution-Noncommercial-Share Alike 3.0 United States,
6448,../../datasets/FMA_small/fma_small/fma_small/006/006448.mp3,Hip-Hop,training,small,100,Attribution-Noncommercial-Share Alike 3.0 United States,
6459,../../datasets/FMA_small/fma_small/fma_small/006/006459.mp3,International,training,small,415,Attribution-Noncommercial-No Derivative Works 3.0 United States,
6461,../../datasets/FMA_small/fma_small/fma_small/006/006461.mp3,Folk,validation,small,153,Attribution-Noncommercial-Share Alike 3.0 United States,
6463,../../datasets/FMA_small/fma_small/fma_small/006/006463.mp3,Folk,validation,small,198,Attribution-Noncommercial-Share Alike 3.0 United States,
6467,../../datasets/FMA_small/fma_small/fma_small/006/006467.mp3,Folk,validation,small,186,Attribution-Noncommercial-Share Alike 3.0 United States,
6469,../../datasets/FMA_small/fma_small/fma_small/006/006469.mp3,International,training,small,308,Attribution-Noncommercial-Share Alike 3.0 United States,
6517,../../datasets/FMA_small/fma_small/fma_small/006/006517.mp3,Rock,training,small,165,Attribution-Noncommercial-Share Alike 3.0 United States,
6519,../../datasets/FMA_small/fma_small/fma_small/006/006519.mp3,Rock,training,small,215,Attribution-Noncommercial-Share Alike 3.0 United States,
6603,../../datasets/FMA_small/fma_small/fma_small/006/006603.mp3,Hip-Hop,training,small,116,Attribution-Noncommercial-Share Alike 3.0 United States,
6605,../../datasets/FMA_small/fma_small/fma_small/006/006605.mp3,Hip-Hop,training,small,109,Attribution-Noncommercial-Share Alike 3.0 United States,
6606,../../datasets/FMA_small/fma_small/fma_small/006/006606.mp3,Hip-Hop,training,small,153,Attribution-Noncommercial-Share Alike 3.0 United States,
6607,../../datasets/FMA_small/fma_small/fma_small/006/006607.mp3,Hip-Hop,training,small,124,Attribution-Noncommercial-Share Alike 3.0 United States,
6608,../../datasets/FMA_small/fma_small/fma_small/006/006608.mp3,Hip-Hop,training,small,143,Attribution-Noncommercial-Share Alike 3.0 United States,
6609,../../datasets/FMA_small/fma_small/fma_small/006/006609.mp3,Hip-Hop,training,small,78,Attribution-Noncommercial-Share Alike 3.0 United States,
6610,../../datasets/FMA_small/fma_small/fma_small/006/006610.mp3,Hip-Hop,training,small,109,Attribution-Noncommercial-Share Alike 3.0 United States,
6611,../../datasets/FMA_small/fma_small/fma_small/006/006611.mp3,Hip-Hop,training,small,100,Attribution-Noncommercial-Share Alike 3.0 United States,
6674,../../datasets/FMA_small/fma_small/fma_small/006/006674.mp3,Experimental,training,small,240,Creative Commons Attribution,
6675,../../datasets/FMA_small/fma_small/fma_small/006/006675.mp3,Experimental,training,small,180,Creative Commons Attribution,
6677,../../datasets/FMA_small/fma_small/fma_small/006/006677.mp3,Experimental,training,small,237,Creative Commons Attribution,
6679,../../datasets/FMA_small/fma_small/fma_small/006/006679.mp3,Experimental,training,small,300,Creative Commons Attribution,
6680,../../datasets/FMA_small/fma_small/fma_small/006/006680.mp3,Experimental,training,small,70,Creative Commons Attribution,
6684,../../datasets/FMA_small/fma_small/fma_small/006/006684.mp3,Experimental,training,small,300,Creative Commons Attribution,
6762,../../datasets/FMA_small/fma_small/fma_small/006/006762.mp3,Folk,validation,small,314,Attribution-Noncommercial-Share Alike 3.0 United States,
6776,../../datasets/FMA_small/fma_small/fma_small/006/006776.mp3,Rock,training,small,281,Attribution,
6778,../../datasets/FMA_small/fma_small/fma_small/006/006778.mp3,Rock,training,small,301,Attribution,
6779,../../datasets/FMA_small/fma_small/fma_small/006/006779.mp3,Folk,validation,small,230,Attribution-Noncommercial-Share Alike 3.0 United States,
6782,../../datasets/FMA_small/fma_small/fma_small/006/006782.mp3,Folk,validation,small,228,Attribution-Noncommercial-Share Alike 3.0 United States,
6783,../../datasets/FMA_small/fma_small/fma_small/006/006783.mp3,Folk,validation,small,195,Attribution-Noncommercial-Share Alike 3.0 United States,
6788,../../datasets/FMA_small/fma_small/fma_small/006/006788.mp3,Rock,training,small,268,Attribution-Noncommercial-Share Alike 3.0 United States,
6802,../../datasets/FMA_small/fma_small/fma_small/006/006802.mp3,International,training,small,182,Attribution-Noncommercial-Share Alike 3.0 United States,
6803,../../datasets/FMA_small/fma_small/fma_small/006/006803.mp3,International,training,small,280,Attribution-Noncommercial-Share Alike 3.0 United States,
6854,../../datasets/FMA_small/fma_small/fma_small/006/006854.mp3,Folk,training,small,159,Attribution,
6855,../../datasets/FMA_small/fma_small/fma_small/006/006855.mp3,Folk,training,small,190,Attribution,
6856,../../datasets/FMA_small/fma_small/fma_small/006/006856.mp3,Folk,training,small,223,Attribution,
6857,../../datasets/FMA_small/fma_small/fma_small/006/006857.mp3,Folk,training,small,475,Attribution-Noncommercial-Share Alike 3.0 United States,
7011,../../datasets/FMA_small/fma_small/fma_small/007/007011.mp3,Electronic,validation,small,111,Attribution-NonCommercial-ShareAlike,
7373,../../datasets/FMA_small/fma_small/fma_small/007/007373.mp3,Experimental,test,small,126,Attribution-NonCommercial-ShareAlike 3.0 International,
7374,../../datasets/FMA_small/fma_small/fma_small/007/007374.mp3,Experimental,test,small,112,Attribution-NonCommercial-ShareAlike 3.0 International,
7375,../../datasets/FMA_small/fma_small/fma_small/007/007375.mp3,Experimental,test,small,154,Attribution-NonCommercial-ShareAlike 3.0 International,
7376,../../datasets/FMA_small/fma_small/fma_small/007/007376.mp3,Experimental,test,small,68,Attribution-NonCommercial-ShareAlike 3.0 International,
7377,../../datasets/FMA_small/fma_small/fma_small/007/007377.mp3,Experimental,test,small,66,Attribution-NonCommercial-ShareAlike 3.0 International,
7378,../../datasets/FMA_small/fma_small/fma_small/007/007378.mp3,Experimental,test,small,128,Attribution-NonCommercial-ShareAlike 3.0 International,
7379,../../datasets/FMA_small/fma_small/fma_small/007/007379.mp3,Experimental,test,small,102,Attribution-NonCommercial-ShareAlike 3.0 International,
7381,../../datasets/FMA_small/fma_small/fma_small/007/007381.mp3,Experimental,test,small,108,Attribution-NonCommercial-ShareAlike 3.0 International,
7383,../../datasets/FMA_small/fma_small/fma_small/007/007383.mp3,Experimental,test,small,148,Attribution-NonCommercial-ShareAlike 3.0 International,
7385,../../datasets/FMA_small/fma_small/fma_small/007/007385.mp3,Experimental,test,small,83,Attribution-NonCommercial-ShareAlike 3.0 International,
7386,../../datasets/FMA_small/fma_small/fma_small/007/007386.mp3,Experimental,test,small,163,Attribution-NonCommercial-ShareAlike 3.0 International,
7388,../../datasets/FMA_small/fma_small/fma_small/007/007388.mp3,Experimental,test,small,163,Attribution-NonCommercial-ShareAlike 3.0 International,
7391,../../datasets/FMA_small/fma_small/fma_small/007/007391.mp3,Experimental,test,small,163,Attribution-NonCommercial-ShareAlike 3.0 International,
7393,../../datasets/FMA_small/fma_small/fma_small/007/007393.mp3,Experimental,test,small,75,Attribution-NonCommercial-ShareAlike 3.0 International,
7481,../../datasets/FMA_small/fma_small/fma_small/007/007481.mp3,Hip-Hop,training,small,124,Attribution 3.0 United States,
7482,../../datasets/FMA_small/fma_small/fma_small/007/007482.mp3,Hip-Hop,training,small,108,Attribution 3.0 United States,
7483,../../datasets/FMA_small/fma_small/fma_small/007/007483.mp3,Hip-Hop,training,small,170,Attribution 3.0 United States,
7487,../../datasets/FMA_small/fma_small/fma_small/007/007487.mp3,Hip-Hop,training,small,183,Attribution 3.0 United States,
7488,../../datasets/FMA_small/fma_small/fma_small/007/007488.mp3,Hip-Hop,training,small,304,Attribution 3.0 United States,
7489,../../datasets/FMA_small/fma_small/fma_small/007/007489.mp3,Hip-Hop,training,small,273,Attribution 3.0 United States,
7490,../../datasets/FMA_small/fma_small/fma_small/007/007490.mp3,Hip-Hop,training,small,308,Attribution 3.0 United States,
7491,../../datasets/FMA_small/fma_small/fma_small/007/007491.mp3,Hip-Hop,training,small,265,Attribution 3.0 United States,
7492,../../datasets/FMA_small/fma_small/fma_small/007/007492.mp3,Hip-Hop,training,small,254,Attribution 3.0 United States,
7495,../../datasets/FMA_small/fma_small/fma_small/007/007495.mp3,Rock,training,small,247,Attribution-Noncommercial-Share Alike 3.0 United States,
7526,../../datasets/FMA_small/fma_small/fma_small/007/007526.mp3,Pop,training,small,183,Attribution-NonCommercial,
7527,../../datasets/FMA_small/fma_small/fma_small/007/007527.mp3,Pop,training,small,168,Attribution-NonCommercial,
7528,../../datasets/FMA_small/fma_small/fma_small/007/007528.mp3,Pop,training,small,257,Attribution-NonCommercial,
7529,../../datasets/FMA_small/fma_small/fma_small/007/007529.mp3,Pop,training,small,130,Attribution-NonCommercial,
7548,../../datasets/FMA_small/fma_small/fma_small/007/007548.mp3,Experimental,training,small,146,Attribution,
7554,../../datasets/FMA_small/fma_small/fma_small/007/007554.mp3,Experimental,training,small,314,Attribution,
7709,../../datasets/FMA_small/fma_small/fma_small/007/007709.mp3,Folk,training,small,191,Attribution-NonCommercial-NoDerivatives (aka Music Sharing) 3.0 International,
7710,../../datasets/FMA_small/fma_small/fma_small/007/007710.mp3,Folk,training,small,158,Attribution-NonCommercial-NoDerivatives (aka Music Sharing) 3.0 International,
7711,../../datasets/FMA_small/fma_small/fma_small/007/007711.mp3,Folk,training,small,288,Attribution-NonCommercial-NoDerivatives (aka Music Sharing) 3.0 International,
7712,../../datasets/FMA_small/fma_small/fma_small/007/007712.mp3,Folk,training,small,234,Attribution-NonCommercial-NoDerivatives (aka Music Sharing) 3.0 International,
7713,../../datasets/FMA_small/fma_small/fma_small/007/007713.mp3,Folk,training,small,187,Attribution-NonCommercial-NoDerivatives (aka Music Sharing) 3.0 International,
7872,../../datasets/FMA_small/fma_small/fma_small/007/007872.mp3,Rock,training,small,224,Attribution-Noncommercial-No Derivative Works 3.0 United States,
8056,../../datasets/FMA_small/fma_small/fma_small/008/008056.mp3,Rock,training,small,151,Attribution-Noncommercial-Share Alike 3.0 United States,
8208,../../datasets/FMA_small/fma_small/fma_small/008/008208.mp3,Rock,training,small,498,Attribution-Noncommercial-Share Alike 3.0 United States,
8256,../../datasets/FMA_small/fma_small/fma_small/008/008256.mp3,Folk,training,small,206,Attribution-Noncommercial-Share Alike 3.0 United States,
8259,../../datasets/FMA_small/fma_small/fma_small/008/008259.mp3,Folk,training,small,179,Attribution-Noncommercial-Share Alike 3.0 United States,
8261,../../datasets/FMA_small/fma_small/fma_small/008/008261.mp3,Folk,training,small,286,Attribution-Noncommercial-Share Alike 3.0 United States,
8345,../../datasets/FMA_small/fma_small/fma_small/008/008345.mp3,Experimental,training,small,81,Attribution-Noncommercial-No Derivative Works 3.0 United States,
8357,../../datasets/FMA_small/fma_small/fma_small/008/008357.mp3,Experimental,training,small,366,Attribution-Noncommercial-No Derivative Works 3.0 United States,
8363,../../datasets/FMA_small/fma_small/fma_small/008/008363.mp3,Experimental,training,small,84,Attribution-Noncommercial-No Derivative Works 3.0 United States,
8372,../../datasets/FMA_small/fma_small/fma_small/008/008372.mp3,Experimental,training,small,95,Attribution-Noncommercial-No Derivative Works 3.0 United States,
8416,../../datasets/FMA_small/fma_small/fma_small/008/008416.mp3,Experimental,training,small,124,Attribution-Noncommercial-No Derivative Works 3.0 United States,
9152,../../datasets/FMA_small/fma_small/fma_small/009/009152.mp3,Experimental,training,small,213,Attribution-Noncommercial-Share Alike 3.0 United States,
9155,../../datasets/FMA_small/fma_small/fma_small/009/009155.mp3,Experimental,test,small,351,Attribution-Noncommercial-Share Alike 3.0 United States,
9307,../../datasets/FMA_small/fma_small/fma_small/009/009307.mp3,Experimental,training,small,79,Attribution-Noncommercial-No Derivative Works 3.0 United States,
9476,../../datasets/FMA_small/fma_small/fma_small/009/009476.mp3,Experimental,training,small,382,Attribution-Noncommercial-Share Alike 3.0 United States,
9477,../../datasets/FMA_small/fma_small/fma_small/009/009477.mp3,Experimental,training,small,241,Attribution-Noncommercial-Share Alike 3.0 United States,
9491,../../datasets/FMA_small/fma_small/fma_small/009/009491.mp3,Rock,training,small,123,Attribution-Noncommercial-Share Alike 3.0 United States,
9505,../../datasets/FMA_small/fma_small/fma_small/009/009505.mp3,Experimental,training,small,308,Attribution-Noncommercial-Share Alike 3.0 United States,
9511,../../datasets/FMA_small/fma_small/fma_small/009/009511.mp3,Rock,training,small,154,Attribution-Noncommercial-Share Alike 3.0 United States,
9512,../../datasets/FMA_small/fma_small/fma_small/009/009512.mp3,International,training,small,305,Attribution-Noncommercial-Share Alike 3.0 United States,
9513,../../datasets/FMA_small/fma_small/fma_small/009/009513.mp3,Rock,training,small,478,Attribution-Noncommercial-Share Alike 3.0 United States,
9550,../../datasets/FMA_small/fma_small/fma_small/009/009550.mp3,Rock,validation,small,304,Attribution-Noncommercial-Share Alike 3.0 United States,
9553,../../datasets/FMA_small/fma_small/fma_small/009/009553.mp3,Rock,validation,small,362,Attribution-Noncommercial-Share Alike 3.0 United States,
9555,../../datasets/FMA_small/fma_small/fma_small/009/009555.mp3,Rock,validation,small,334,Attribution-Noncommercial-Share Alike 3.0 United States,
9557,../../datasets/FMA_small/fma_small/fma_small/009/009557.mp3,Rock,validation,small,297,Attribution-Noncommercial-Share Alike 3.0 United States,
9559,../../datasets/FMA_small/fma_small/fma_small/009/009559.mp3,Rock,validation,small,288,Attribution-Noncommercial-Share Alike 3.0 United States,
9560,../../datasets/FMA_small/fma_small/fma_small/009/009560.mp3,Rock,validation,small,256,Attribution-Noncommercial-Share Alike 3.0 United States,
9678,../../datasets/FMA_small/fma_small/fma_small/009/009678.mp3,Experimental,training,small,185,Attribution-Noncommercial-Share Alike 3.0 United States,
9721,../../datasets/FMA_small/fma_small/fma_small/009/009721.mp3,Experimental,training,small,413,Attribution-Noncommercial-Share Alike 3.0 United States,
9846,../../datasets/FMA_small/fma_small/fma_small/009/009846.mp3,Experimental,training,small,300,Attribution 3.0 United States,
9887,../../datasets/FMA_small/fma_small/fma_small/009/009887.mp3,Folk,training,small,215,Attribution-Noncommercial-Share Alike 3.0 United States,
9888,../../datasets/FMA_small/fma_small/fma_small/009/009888.mp3,Folk,training,small,508,Attribution-Noncommercial-Share Alike 3.0 United States,
9918,../../datasets/FMA_small/fma_small/fma_small/009/009918.mp3,Experimental,training,small,231,Attribution-Noncommercial-Share Alike 3.0 United States,
9962,../../datasets/FMA_small/fma_small/fma_small/009/009962.mp3,Rock,training,small,168,Attribution-Noncommercial-Share Alike 3.0 United States,
10186,../../datasets/FMA_small/fma_small/fma_small/010/010186.mp3,International,training,small,295,Attribution-NonCommercial-ShareAlike 3.0 International,
10192,../../datasets/FMA_small/fma_small/fma_small/010/010192.mp3,Hip-Hop,training,small,360,Attribution-Noncommercial-Share Alike 3.0 United States,
10250,../../datasets/FMA_small/fma_small/fma_small/010/010250.mp3,Instrumental,test,small,76,Attribution-Noncommercial-No Derivative Works 3.0 United States,
10374,../../datasets/FMA_small/fma_small/fma_small/010/010374.mp3,Experimental,training,small,318,Attribution-NonCommercial-ShareAlike 3.0 International,
10375,../../datasets/FMA_small/fma_small/fma_small/010/010375.mp3,Experimental,training,small,131,Attribution-NonCommercial-ShareAlike 3.0 International,
10376,../../datasets/FMA_small/fma_small/fma_small/010/010376.mp3,Experimental,training,small,166,Attribution-NonCommercial-ShareAlike 3.0 International,
10377,../../datasets/FMA_small/fma_small/fma_small/010/010377.mp3,Experimental,training,small,355,Attribution-NonCommercial-ShareAlike 3.0 International,
10381,../../datasets/FMA_small/fma_small/fma_small/010/010381.mp3,Folk,test,small,268,Attribution-Noncommercial-Share Alike 3.0 United States,
10382,../../datasets/FMA_small/fma_small/fma_small/010/010382.mp3,Folk,test,small,126,Attribution-Noncommercial-Share Alike 3.0 United States,
10383,../../datasets/FMA_small/fma_small/fma_small/010/010383.mp3,Folk,test,small,528,Attribution-Noncommercial-Share Alike 3.0 United States,
10384,../../datasets/FMA_small/fma_small/fma_small/010/010384.mp3,Folk,test,small,326,Attribution-Noncommercial-Share Alike 3.0 United States,
10385,../../datasets/FMA_small/fma_small/fma_small/010/010385.mp3,Folk,test,small,121,Attribution-Noncommercial-Share Alike 3.0 United States,
10386,../../datasets/FMA_small/fma_small/fma_small/010/010386.mp3,Folk,test,small,440,Attribution-Noncommercial-Share Alike 3.0 United States,
10387,../../datasets/FMA_small/fma_small/fma_small/010/010387.mp3,Folk,test,small,278,Attribution-Noncommercial-Share Alike 3.0 United States,
10388,../../datasets/FMA_small/fma_small/fma_small/010/010388.mp3,Folk,test,small,255,Attribution-Noncommercial-Share Alike 3.0 United States,
10389,../../datasets/FMA_small/fma_small/fma_small/010/010389.mp3,Folk,test,small,137,Attribution-Noncommercial-Share Alike 3.0 United States,
10435,../../datasets/FMA_small/fma_small/fma_small/010/010435.mp3,Experimental,training,small,144,Attribution-Noncommercial-Share Alike 3.0 United States,
10438,../../datasets/FMA_small/fma_small/fma_small/010/010438.mp3,Folk,test,small,85,Attribution-Noncommercial-Share Alike 3.0 United States,
10439,../../datasets/FMA_small/fma_small/fma_small/010/010439.mp3,Folk,test,small,296,Attribution-Noncommercial-Share Alike 3.0 United States,
10440,../../datasets/FMA_small/fma_small/fma_small/010/010440.mp3,Folk,test,small,144,Attribution-Noncommercial-Share Alike 3.0 United States,
10441,../../datasets/FMA_small/fma_small/fma_small/010/010441.mp3,Folk,test,small,265,Attribution-Noncommercial-Share Alike 3.0 United States,
10442,../../datasets/FMA_small/fma_small/fma_small/010/010442.mp3,Folk,test,small,315,Attribution-Noncommercial-Share Alike 3.0 United States,
10443,../../datasets/FMA_small/fma_small/fma_small/010/010443.mp3,Folk,test,small,164,Attribution-Noncommercial-Share Alike 3.0 United States,
10444,../../datasets/FMA_small/fma_small/fma_small/010/010444.mp3,Folk,test,small,363,Attribution-Noncommercial-Share Alike 3.0 United States,
10447,../../datasets/FMA_small/fma_small/fma_small/010/010447.mp3,Folk,test,small,344,Attribution-Noncommercial-Share Alike 3.0 United States,
10458,../../datasets/FMA_small/fma_small/fma_small/010/010458.mp3,Folk,training,small,371,Attribution-Noncommercial-Share Alike 3.0 United States,
10480,../../datasets/FMA_small/fma_small/fma_small/010/010480.mp3,Folk,test,small,431,Attribution-Noncommercial-No Derivative Works 3.0 United States,
10481,../../datasets/FMA_small/fma_small/fma_small/010/010481.mp3,Folk,test,small,253,Attribution-Noncommercial-No Derivative Works 3.0 United States,
10485,../../datasets/FMA_small/fma_small/fma_small/010/010485.mp3,Folk,test,small,424,Attribution-Noncommercial-No Derivative Works 3.0 United States,
10521,../../datasets/FMA_small/fma_small/fma_small/010/010521.mp3,Experimental,training,small,217,Attribution-Noncommercial-Share Alike 3.0 United States,
10527,../../datasets/FMA_small/fma_small/fma_small/010/010527.mp3,Experimental,training,small,265,Attribution-Noncommercial-Share Alike 3.0 United States,
10535,../../datasets/FMA_small/fma_small/fma_small/010/010535.mp3,Experimental,training,small,77,Attribution-Noncommercial-Share Alike 3.0 United States,
10541,../../datasets/FMA_small/fma_small/fma_small/010/010541.mp3,Experimental,training,small,68,Attribution-Noncommercial-Share Alike 3.0 United States,
10575,../../datasets/FMA_small/fma_small/fma_small/010/010575.mp3,Folk,training,small,362,Attribution-Noncommercial-Share Alike 3.0 United States,
10577,../../datasets/FMA_small/fma_small/fma_small/010/010577.mp3,Folk,training,small,250,Attribution-Noncommercial-Share Alike 3.0 United States,
10668,../../datasets/FMA_small/fma_small/fma_small/010/010668.mp3,Rock,training,small,85,Attribution-Noncommercial-Share Alike 3.0 United States,
10669,../../datasets/FMA_small/fma_small/fma_small/010/010669.mp3,Rock,training,small,236,Attribution-Noncommercial-Share Alike 3.0 United States,
10670,../../datasets/FMA_small/fma_small/fma_small/010/010670.mp3,Rock,training,small,229,Attribution-Noncommercial-Share Alike 3.0 United States,
10671,../../datasets/FMA_small/fma_small/fma_small/010/010671.mp3,Rock,training,small,259,Attribution-Noncommercial-Share Alike 3.0 United States,
10672,../../datasets/FMA_small/fma_small/fma_small/010/010672.mp3,Rock,training,small,285,Attribution-Noncommercial-Share Alike 3.0 United States,
10673,../../datasets/FMA_small/fma_small/fma_small/010/010673.mp3,Rock,training,small,295,Attribution-Noncommercial-Share Alike 3.0 United States,
10674,../../datasets/FMA_small/fma_small/fma_small/010/010674.mp3,Rock,training,small,209,Attribution-Noncommercial-Share Alike 3.0 United States,
10675,../../datasets/FMA_small/fma_small/fma_small/010/010675.mp3,Rock,training,small,453,Attribution-Noncommercial-Share Alike 3.0 United States,
10676,../../datasets/FMA_small/fma_small/fma_small/010/010676.mp3,Rock,training,small,277,Attribution-Noncommercial-Share Alike 3.0 United States,
10677,../../datasets/FMA_small/fma_small/fma_small/010/010677.mp3,Rock,training,small,299,Attribution-Noncommercial-Share Alike 3.0 United States,
10678,../../datasets/FMA_small/fma_small/fma_small/010/010678.mp3,Folk,test,small,427,Attribution-Noncommercial-Share Alike 3.0 United States,
10679,../../datasets/FMA_small/fma_small/fma_small/010/010679.mp3,Folk,test,small,348,Attribution-Noncommercial-Share Alike 3.0 United States,
10682,../../datasets/FMA_small/fma_small/fma_small/010/010682.mp3,Folk,test,small,429,Attribution-Noncommercial-Share Alike 3.0 United States,
10684,../../datasets/FMA_small/fma_small/fma_small/010/010684.mp3,Folk,test,small,434,Attribution-Noncommercial-Share Alike 3.0 United States,
10693,../../datasets/FMA_small/fma_small/fma_small/010/010693.mp3,Hip-Hop,training,small,176,Creative Commons Attribution,
10694,../../datasets/FMA_small/fma_small/fma_small/010/010694.mp3,Hip-Hop,training,small,214,Creative Commons Attribution,
10695,../../datasets/FMA_small/fma_small/fma_small/010/010695.mp3,Hip-Hop,training,small,110,Creative Commons Attribution,
10696,../../datasets/FMA_small/fma_small/fma_small/010/010696.mp3,Hip-Hop,training,small,109,Creative Commons Attribution,
10697,../../datasets/FMA_small/fma_small/fma_small/010/010697.mp3,Hip-Hop,training,small,235,Creative Commons Attribution,
10698,../../datasets/FMA_small/fma_small/fma_small/010/010698.mp3,Hip-Hop,training,small,172,Creative Commons Attribution,
10699,../../datasets/FMA_small/fma_small/fma_small/010/010699.mp3,Hip-Hop,training,small,114,Creative Commons Attribution,
10805,../../datasets/FMA_small/fma_small/fma_small/010/010805.mp3,Pop,training,small,232,Attribution-Noncommercial-Share Alike 3.0 United States,
10806,../../datasets/FMA_small/fma_small/fma_small/010/010806.mp3,Pop,training,small,143,Attribution-Noncommercial-Share Alike 3.0 United States,
10807,../../datasets/FMA_small/fma_small/fma_small/010/010807.mp3,Pop,training,small,207,Attribution-Noncommercial-Share Alike 3.0 United States,
10808,../../datasets/FMA_small/fma_small/fma_small/010/010808.mp3,Pop,training,small,191,Attribution-Noncommercial-Share Alike 3.0 United States,
10809,../../datasets/FMA_small/fma_small/fma_small/010/010809.mp3,Pop,training,small,212,Attribution-Noncommercial-Share Alike 3.0 United States,
10810,../../datasets/FMA_small/fma_small/fma_small/010/010810.mp3,Pop,training,small,301,Attribution-Noncommercial-Share Alike 3.0 United States,
10983,../../datasets/FMA_small/fma_small/fma_small/010/010983.mp3,Experimental,training,small,314,Attribution-Noncommercial-Share Alike 3.0 United States,
10992,../../datasets/FMA_small/fma_small/fma_small/010/010992.mp3,Folk,test,small,362,Attribution-Noncommercial-Share Alike 3.0 United States,
10993,../../datasets/FMA_small/fma_small/fma_small/010/010993.mp3,Folk,test,small,321,Attribution-Noncommercial-Share Alike 3.0 United States,
11019,../../datasets/FMA_small/fma_small/fma_small/011/011019.mp3,Experimental,test,small,127,Attribution-NonCommercial-ShareAlike 3.0 International,
11020,../../datasets/FMA_small/fma_small/fma_small/011/011020.mp3,Experimental,test,small,141,Attribution-NonCommercial-ShareAlike 3.0 International,
11059,../../datasets/FMA_small/fma_small/fma_small/011/011059.mp3,Folk,test,small,443,Attribution-Noncommercial-No Derivative Works 3.0 United States,
11198,../../datasets/FMA_small/fma_small/fma_small/011/011198.mp3,Pop,training,small,201,Attribution-NonCommercial-NoDerivatives (aka Music Sharing) 3.0 International,
11199,../../datasets/FMA_small/fma_small/fma_small/011/011199.mp3,Pop,training,small,191,Attribution-NonCommercial-ShareAlike 3.0 International,
11200,../../datasets/FMA_small/fma_small/fma_small/011/011200.mp3,Pop,test,small,315,Attribution-NonCommercial-NoDerivatives (aka Music Sharing) 3.0 International,
11204,../../datasets/FMA_small/fma_small/fma_small/011/011204.mp3,Hip-Hop,test,small,430,Attribution 2.5 Canada,
11206,../../datasets/FMA_small/fma_small/fma_small/011/011206.mp3,Electronic,training,small,171,Creative Commons Attribution,
11234,../../datasets/FMA_small/fma_small/fma_small/011/011234.mp3,Experimental,training,small,240,Attribution-Noncommercial-Share Alike 3.0 United States,
11237,../../datasets/FMA_small/fma_small/fma_small/011/011237.mp3,Experimental,training,small,335,Attribution-Noncommercial-Share Alike 3.0 United States,
11239,../../datasets/FMA_small/fma_small/fma_small/011/011239.mp3,Experimental,training,small,280,Attribution-Noncommercial-Share Alike 3.0 United States,
11242,../../datasets/FMA_small/fma_small/fma_small/011/011242.mp3,Experimental,training,small,357,Attribution-Noncommercial-Share Alike 3.0 United States,
11261,../../datasets/FMA_small/fma_small/fma_small/011/011261.mp3,Pop,training,small,224,Attribution-Noncommercial-Share Alike 3.0 United States,
11262,../../datasets/FMA_small/fma_small/fma_small/011/011262.mp3,Electronic,training,small,422,Sampling Plus,
11264,../../datasets/FMA_small/fma_small/fma_small/011/011264.mp3,Rock,training,small,208,Sampling Plus,
11268,../../datasets/FMA_small/fma_small/fma_small/011/011268.mp3,Rock,training,small,169,Sampling Plus,
11298,../../datasets/FMA_small/fma_small/fma_small/011/011298.mp3,Hip-Hop,training,small,141,Noncommercial Sampling Plus,
11299,../../datasets/FMA_small/fma_small/fma_small/011/011299.mp3,Hip-Hop,training,small,189,Noncommercial Sampling Plus,
11306,../../datasets/FMA_small/fma_small/fma_small/011/011306.mp3,Rock,training,small,320,Attribution-Noncommercial-Share Alike 3.0 United States,
11333,../../datasets/FMA_small/fma_small/fma_small/011/011333.mp3,Experimental,training,small,159,Attribution-Noncommercial-Share Alike 3.0 United States,
11334,../../datasets/FMA_small/fma_small/fma_small/011/011334.mp3,Experimental,training,small,90,Attribution-Noncommercial-Share Alike 3.0 United States,
11503,../../datasets/FMA_small/fma_small/fma_small/011/011503.mp3,Folk,test,small,506,Attribution-Noncommercial-Share Alike 3.0 United States,
11504,../../datasets/FMA_small/fma_small/fma_small/011/011504.mp3,Folk,test,small,189,Attribution-Noncommercial-Share Alike 3.0 United States,
11505,../../datasets/FMA_small/fma_small/fma_small/011/011505.mp3,Folk,test,small,322,Attribution-Noncommercial-Share Alike 3.0 United States,
11508,../../datasets/FMA_small/fma_small/fma_small/011/011508.mp3,Folk,test,small,430,Attribution-Noncommercial-Share Alike 3.0 United States,
11544,../../datasets/FMA_small/fma_small/fma_small/011/011544.mp3,Experimental,training,small,306,Attribution-Noncommercial-Share Alike 3.0 United States,
11638,../../datasets/FMA_small/fma_small/fma_small/011/011638.mp3,Instrumental,training,small,155,Attribution-Noncommercial-Share Alike 3.0 United States,
11671,../../datasets/FMA_small/fma_small/fma_small/011/011671.mp3,International,training,small,175,Attribution-Noncommercial-Share Alike 3.0 United States,
11672,../../datasets/FMA_small/fma_small/fma_small/011/011672.mp3,International,training,small,176,Attribution-Noncommercial-Share Alike 3.0 United States,
11673,../../datasets/FMA_small/fma_small/fma_small/011/011673.mp3,International,training,small,158,Attribution-Noncommercial-Share Alike 3.0 United States,
11674,../../datasets/FMA_small/fma_small/fma_small/011/011674.mp3,International,training,small,197,Attribution-Noncommercial-Share Alike 3.0 United States,
11675,../../datasets/FMA_small/fma_small/fma_small/011/011675.mp3,International,training,small,140,Attribution-Noncommercial-Share Alike 3.0 United States,
11677,../../datasets/FMA_small/fma_small/fma_small/011/011677.mp3,International,training,small,198,Attribution-Noncommercial-Share Alike 3.0 United States,
11679,../../datasets/FMA_small/fma_small/fma_small/011/011679.mp3,International,training,small,215,Attribution-Noncommercial-Share Alike 3.0 United States,
11681,../../datasets/FMA_small/fma_small/fma_small/011/011681.mp3,International,training,small,286,Attribution-Noncommercial-Share Alike 3.0 United States,
11682,../../datasets/FMA_small/fma_small/fma_small/011/011682.mp3,International,training,small,139,Attribution-Noncommercial-Share Alike 3.0 United States,
11683,../../datasets/FMA_small/fma_small/fma_small/011/011683.mp3,International,training,small,288,Attribution-Noncommercial-Share Alike 3.0 United States,
11763,../../datasets/FMA_small/fma_small/fma_small/011/011763.mp3,Hip-Hop,training,small,104,Attribution-NonCommercial 3.0 International,
