note_id,path,split,instrument_family,instrument_source,pitch,velocity,sample_rate,license_status,notes
keyboard_acoustic_004-060-025,../../datasets/nsynth/nsynth-valid/audio/keyboard_acoustic_004-060-025.wav,valid,keyboard,acoustic,60,25,16000,nsynth_license,
bass_synthetic_033-050-100,../../datasets/nsynth/nsynth-valid/audio/bass_synthetic_033-050-100.wav,valid,bass,synthetic,50,100,16000,nsynth_license,
bass_synthetic_009-052-050,../../datasets/nsynth/nsynth-valid/audio/bass_synthetic_009-052-050.wav,valid,bass,synthetic,52,50,16000,nsynth_license,
keyboard_electronic_003-064-127,../../datasets/nsynth/nsynth-valid/audio/keyboard_electronic_003-064-127.wav,valid,keyboard,electronic,64,127,16000,nsynth_license,
bass_synthetic_034-030-050,../../datasets/nsynth/nsynth-valid/audio/bass_synthetic_034-030-050.wav,valid,bass,synthetic,30,50,16000,nsynth_license,
bass_synthetic_098-040-025,../../datasets/nsynth/nsynth-valid/audio/bass_synthetic_098-040-025.wav,valid,bass,synthetic,40,25,16000,nsynth_license,
bass_synthetic_009-083-075,../../datasets/nsynth/nsynth-valid/audio/bass_synthetic_009-083-075.wav,valid,bass,synthetic,83,75,16000,nsynth_license,
mallet_acoustic_062-033-075,../../datasets/nsynth/nsynth-valid/audio/mallet_acoustic_062-033-075.wav,valid,mallet,acoustic,33,75,16000,nsynth_license,
organ_electronic_113-028-075,../../datasets/nsynth/nsynth-valid/audio/organ_electronic_113-028-075.wav,valid,organ,electronic,28,75,16000,nsynth_license,
keyboard_electronic_098-072-100,../../datasets/nsynth/nsynth-valid/audio/keyboard_electronic_098-072-100.wav,valid,keyboard,electronic,72,100,16000,nsynth_license,
organ_electronic_028-053-127,../../datasets/nsynth/nsynth-valid/audio/organ_electronic_028-053-127.wav,valid,organ,electronic,53,127,16000,nsynth_license,
brass_acoustic_016-062-127,../../datasets/nsynth/nsynth-valid/audio/brass_acoustic_016-062-127.wav,valid,brass,acoustic,62,127,16000,nsynth_license,
keyboard_electronic_001-086-025,../../datasets/nsynth/nsynth-valid/audio/keyboard_electronic_001-086-025.wav,valid,keyboard,electronic,86,25,16000,nsynth_license,
bass_synthetic_134-091-127,../../datasets/nsynth/nsynth-valid/audio/bass_synthetic_134-091-127.wav,valid,bass,synthetic,91,127,16000,nsynth_license,
organ_electronic_001-039-100,../../datasets/nsynth/nsynth-valid/audio/organ_electronic_001-039-100.wav,valid,organ,electronic,39,100,16000,nsynth_license,
guitar_acoustic_015-089-050,../../datasets/nsynth/nsynth-valid/audio/guitar_acoustic_015-089-050.wav,valid,guitar,acoustic,89,50,16000,nsynth_license,
bass_synthetic_098-048-075,../../datasets/nsynth/nsynth-valid/audio/bass_synthetic_098-048-075.wav,valid,bass,synthetic,48,75,16000,nsynth_license,
bass_synthetic_009-094-100,../../datasets/nsynth/nsynth-valid/audio/bass_synthetic_009-094-100.wav,valid,bass,synthetic,94,100,16000,nsynth_license,
string_acoustic_057-085-050,../../datasets/nsynth/nsynth-valid/audio/string_acoustic_057-085-050.wav,valid,string,acoustic,85,50,16000,nsynth_license,
organ_electronic_001-048-075,../../datasets/nsynth/nsynth-valid/audio/organ_electronic_001-048-075.wav,valid,organ,electronic,48,75,16000,nsynth_license,
brass_acoustic_016-054-025,../../datasets/nsynth/nsynth-valid/audio/brass_acoustic_016-054-025.wav,valid,brass,acoustic,54,25,16000,nsynth_license,
keyboard_synthetic_000-097-025,../../datasets/nsynth/nsynth-valid/audio/keyboard_synthetic_000-097-025.wav,valid,keyboard,synthetic,97,25,16000,nsynth_license,
organ_electronic_007-024-100,../../datasets/nsynth/nsynth-valid/audio/organ_electronic_007-024-100.wav,valid,organ,electronic,24,100,16000,nsynth_license,
keyboard_electronic_001-067-075,../../datasets/nsynth/nsynth-valid/audio/keyboard_electronic_001-067-075.wav,valid,keyboard,electronic,67,75,16000,nsynth_license,
keyboard_electronic_003-030-075,../../datasets/nsynth/nsynth-valid/audio/keyboard_electronic_003-030-075.wav,valid,keyboard,electronic,30,75,16000,nsynth_license,
bass_synthetic_068-099-127,../../datasets/nsynth/nsynth-valid/audio/bass_synthetic_068-099-127.wav,valid,bass,synthetic,99,127,16000,nsynth_license,
guitar_acoustic_015-041-127,../../datasets/nsynth/nsynth-valid/audio/guitar_acoustic_015-041-127.wav,valid,guitar,acoustic,41,127,16000,nsynth_license,
reed_acoustic_037-039-100,../../datasets/nsynth/nsynth-valid/audio/reed_acoustic_037-039-100.wav,valid,reed,acoustic,39,100,16000,nsynth_license,
guitar_acoustic_010-106-127,../../datasets/nsynth/nsynth-valid/audio/guitar_acoustic_010-106-127.wav,valid,guitar,acoustic,106,127,16000,nsynth_license,
organ_electronic_028-038-025,../../datasets/nsynth/nsynth-valid/audio/organ_electronic_028-038-025.wav,valid,organ,electronic,38,25,16000,nsynth_license,
reed_acoustic_023-042-100,../../datasets/nsynth/nsynth-valid/audio/reed_acoustic_023-042-100.wav,valid,reed,acoustic,42,100,16000,nsynth_license,
guitar_electronic_022-080-075,../../datasets/nsynth/nsynth-valid/audio/guitar_electronic_022-080-075.wav,valid,guitar,electronic,80,75,16000,nsynth_license,
organ_electronic_057-028-050,../../datasets/nsynth/nsynth-valid/audio/organ_electronic_057-028-050.wav,valid,organ,electronic,28,50,16000,nsynth_license,
brass_acoustic_006-043-127,../../datasets/nsynth/nsynth-valid/audio/brass_acoustic_006-043-127.wav,valid,brass,acoustic,43,127,16000,nsynth_license,
reed_acoustic_011-070-075,../../datasets/nsynth/nsynth-valid/audio/reed_acoustic_011-070-075.wav,valid,reed,acoustic,70,75,16000,nsynth_license,
bass_synthetic_033-094-050,../../datasets/nsynth/nsynth-valid/audio/bass_synthetic_033-094-050.wav,valid,bass,synthetic,94,50,16000,nsynth_license,
guitar_acoustic_030-062-075,../../datasets/nsynth/nsynth-valid/audio/guitar_acoustic_030-062-075.wav,valid,guitar,acoustic,62,75,16000,nsynth_license,
guitar_electronic_028-052-025,../../datasets/nsynth/nsynth-valid/audio/guitar_electronic_028-052-025.wav,valid,guitar,electronic,52,25,16000,nsynth_license,
bass_synthetic_068-085-075,../../datasets/nsynth/nsynth-valid/audio/bass_synthetic_068-085-075.wav,valid,bass,synthetic,85,75,16000,nsynth_license,
keyboard_electronic_002-068-075,../../datasets/nsynth/nsynth-valid/audio/keyboard_electronic_002-068-075.wav,valid,keyboard,electronic,68,75,16000,nsynth_license,
brass_acoustic_006-081-127,../../datasets/nsynth/nsynth-valid/audio/brass_acoustic_006-081-127.wav,valid,brass,acoustic,81,127,16000,nsynth_license,
guitar_electronic_022-056-100,../../datasets/nsynth/nsynth-valid/audio/guitar_electronic_022-056-100.wav,valid,guitar,electronic,56,100,16000,nsynth_license,
bass_electronic_025-035-100,../../datasets/nsynth/nsynth-valid/audio/bass_electronic_025-035-100.wav,valid,bass,electronic,35,100,16000,nsynth_license,
vocal_synthetic_003-104-100,../../datasets/nsynth/nsynth-valid/audio/vocal_synthetic_003-104-100.wav,valid,vocal,synthetic,104,100,16000,nsynth_license,
guitar_acoustic_010-035-050,../../datasets/nsynth/nsynth-valid/audio/guitar_acoustic_010-035-050.wav,valid,guitar,acoustic,35,50,16000,nsynth_license,
reed_acoustic_023-044-025,../../datasets/nsynth/nsynth-valid/audio/reed_acoustic_023-044-025.wav,valid,reed,acoustic,44,25,16000,nsynth_license,
keyboard_electronic_001-083-100,../../datasets/nsynth/nsynth-valid/audio/keyboard_electronic_001-083-100.wav,valid,keyboard,electronic,83,100,16000,nsynth_license,
keyboard_electronic_002-086-127,../../datasets/nsynth/nsynth-valid/audio/keyboard_electronic_002-086-127.wav,valid,keyboard,electronic,86,127,16000,nsynth_license,
bass_synthetic_009-057-025,../../datasets/nsynth/nsynth-valid/audio/bass_synthetic_009-057-025.wav,valid,bass,synthetic,57,25,16000,nsynth_license,
bass_electronic_025-061-050,../../datasets/nsynth/nsynth-valid/audio/bass_electronic_025-061-050.wav,valid,bass,electronic,61,50,16000,nsynth_license,
organ_electronic_113-037-025,../../datasets/nsynth/nsynth-valid/audio/organ_electronic_113-037-025.wav,valid,organ,electronic,37,25,16000,nsynth_license,
keyboard_synthetic_000-075-100,../../datasets/nsynth/nsynth-valid/audio/keyboard_synthetic_000-075-100.wav,valid,keyboard,synthetic,75,100,16000,nsynth_license,
keyboard_synthetic_000-076-075,../../datasets/nsynth/nsynth-valid/audio/keyboard_synthetic_000-076-075.wav,valid,keyboard,synthetic,76,75,16000,nsynth_license,
keyboard_electronic_001-031-075,../../datasets/nsynth/nsynth-valid/audio/keyboard_electronic_001-031-075.wav,valid,keyboard,electronic,31,75,16000,nsynth_license,
keyboard_electronic_002-086-025,../../datasets/nsynth/nsynth-valid/audio/keyboard_electronic_002-086-025.wav,valid,keyboard,electronic,86,25,16000,nsynth_license,
guitar_acoustic_010-038-100,../../datasets/nsynth/nsynth-valid/audio/guitar_acoustic_010-038-100.wav,valid,guitar,acoustic,38,100,16000,nsynth_license,
organ_electronic_028-049-127,../../datasets/nsynth/nsynth-valid/audio/organ_electronic_028-049-127.wav,valid,organ,electronic,49,127,16000,nsynth_license,
keyboard_electronic_003-051-075,../../datasets/nsynth/nsynth-valid/audio/keyboard_electronic_003-051-075.wav,valid,keyboard,electronic,51,75,16000,nsynth_license,
flute_synthetic_000-070-100,../../datasets/nsynth/nsynth-valid/audio/flute_synthetic_000-070-100.wav,valid,flute,synthetic,70,100,16000,nsynth_license,
keyboard_electronic_098-042-050,../../datasets/nsynth/nsynth-valid/audio/keyboard_electronic_098-042-050.wav,valid,keyboard,electronic,42,50,16000,nsynth_license,
bass_electronic_027-059-100,../../datasets/nsynth/nsynth-valid/audio/bass_electronic_027-059-100.wav,valid,bass,electronic,59,100,16000,nsynth_license,
organ_electronic_104-084-050,../../datasets/nsynth/nsynth-valid/audio/organ_electronic_104-084-050.wav,valid,organ,electronic,84,50,16000,nsynth_license,
bass_synthetic_009-090-127,../../datasets/nsynth/nsynth-valid/audio/bass_synthetic_009-090-127.wav,valid,bass,synthetic,90,127,16000,nsynth_license,
bass_synthetic_135-077-127,../../datasets/nsynth/nsynth-valid/audio/bass_synthetic_135-077-127.wav,valid,bass,synthetic,77,127,16000,nsynth_license,
bass_synthetic_098-060-100,../../datasets/nsynth/nsynth-valid/audio/bass_synthetic_098-060-100.wav,valid,bass,synthetic,60,100,16000,nsynth_license,
bass_synthetic_135-079-025,../../datasets/nsynth/nsynth-valid/audio/bass_synthetic_135-079-025.wav,valid,bass,synthetic,79,25,16000,nsynth_license,
mallet_acoustic_062-085-025,../../datasets/nsynth/nsynth-valid/audio/mallet_acoustic_062-085-025.wav,valid,mallet,acoustic,85,25,16000,nsynth_license,
guitar_electronic_028-061-127,../../datasets/nsynth/nsynth-valid/audio/guitar_electronic_028-061-127.wav,valid,guitar,electronic,61,127,16000,nsynth_license,
keyboard_electronic_003-033-050,../../datasets/nsynth/nsynth-valid/audio/keyboard_electronic_003-033-050.wav,valid,keyboard,electronic,33,50,16000,nsynth_license,
keyboard_electronic_078-038-050,../../datasets/nsynth/nsynth-valid/audio/keyboard_electronic_078-038-050.wav,valid,keyboard,electronic,38,50,16000,nsynth_license,
flute_synthetic_000-084-050,../../datasets/nsynth/nsynth-valid/audio/flute_synthetic_000-084-050.wav,valid,flute,synthetic,84,50,16000,nsynth_license,
brass_acoustic_015-047-075,../../datasets/nsynth/nsynth-valid/audio/brass_acoustic_015-047-075.wav,valid,brass,acoustic,47,75,16000,nsynth_license,
string_acoustic_057-062-025,../../datasets/nsynth/nsynth-valid/audio/string_acoustic_057-062-025.wav,valid,string,acoustic,62,25,16000,nsynth_license,
reed_acoustic_011-060-100,../../datasets/nsynth/nsynth-valid/audio/reed_acoustic_011-060-100.wav,valid,reed,acoustic,60,100,16000,nsynth_license,
bass_synthetic_098-041-100,../../datasets/nsynth/nsynth-valid/audio/bass_synthetic_098-041-100.wav,valid,bass,synthetic,41,100,16000,nsynth_license,
organ_electronic_028-082-050,../../datasets/nsynth/nsynth-valid/audio/organ_electronic_028-082-050.wav,valid,organ,electronic,82,50,16000,nsynth_license,
brass_acoustic_046-076-100,../../datasets/nsynth/nsynth-valid/audio/brass_acoustic_046-076-100.wav,valid,brass,acoustic,76,100,16000,nsynth_license,
keyboard_electronic_069-058-075,../../datasets/nsynth/nsynth-valid/audio/keyboard_electronic_069-058-075.wav,valid,keyboard,electronic,58,75,16000,nsynth_license,
guitar_electronic_022-084-127,../../datasets/nsynth/nsynth-valid/audio/guitar_electronic_022-084-127.wav,valid,guitar,electronic,84,127,16000,nsynth_license,
vocal_synthetic_003-083-100,../../datasets/nsynth/nsynth-valid/audio/vocal_synthetic_003-083-100.wav,valid,vocal,synthetic,83,100,16000,nsynth_license,
guitar_electronic_028-021-025,../../datasets/nsynth/nsynth-valid/audio/guitar_electronic_028-021-025.wav,valid,guitar,electronic,21,25,16000,nsynth_license,
keyboard_synthetic_000-046-050,../../datasets/nsynth/nsynth-valid/audio/keyboard_synthetic_000-046-050.wav,valid,keyboard,synthetic,46,50,16000,nsynth_license,
guitar_acoustic_015-055-050,../../datasets/nsynth/nsynth-valid/audio/guitar_acoustic_015-055-050.wav,valid,guitar,acoustic,55,50,16000,nsynth_license,
keyboard_electronic_069-039-127,../../datasets/nsynth/nsynth-valid/audio/keyboard_electronic_069-039-127.wav,valid,keyboard,electronic,39,127,16000,nsynth_license,
keyboard_electronic_098-027-050,../../datasets/nsynth/nsynth-valid/audio/keyboard_electronic_098-027-050.wav,valid,keyboard,electronic,27,50,16000,nsynth_license,
guitar_electronic_028-062-100,../../datasets/nsynth/nsynth-valid/audio/guitar_electronic_028-062-100.wav,valid,guitar,electronic,62,100,16000,nsynth_license,
guitar_acoustic_010-041-100,../../datasets/nsynth/nsynth-valid/audio/guitar_acoustic_010-041-100.wav,valid,guitar,acoustic,41,100,16000,nsynth_license,
guitar_acoustic_021-108-025,../../datasets/nsynth/nsynth-valid/audio/guitar_acoustic_021-108-025.wav,valid,guitar,acoustic,108,25,16000,nsynth_license,
bass_synthetic_134-086-025,../../datasets/nsynth/nsynth-valid/audio/bass_synthetic_134-086-025.wav,valid,bass,synthetic,86,25,16000,nsynth_license,
keyboard_electronic_098-082-050,../../datasets/nsynth/nsynth-valid/audio/keyboard_electronic_098-082-050.wav,valid,keyboard,electronic,82,50,16000,nsynth_license,
bass_synthetic_068-073-100,../../datasets/nsynth/nsynth-valid/audio/bass_synthetic_068-073-100.wav,valid,bass,synthetic,73,100,16000,nsynth_license,
string_acoustic_014-038-050,../../datasets/nsynth/nsynth-valid/audio/string_acoustic_014-038-050.wav,valid,string,acoustic,38,50,16000,nsynth_license,
brass_acoustic_046-089-100,../../datasets/nsynth/nsynth-valid/audio/brass_acoustic_046-089-100.wav,valid,brass,acoustic,89,100,16000,nsynth_license,
guitar_acoustic_021-099-025,../../datasets/nsynth/nsynth-valid/audio/guitar_acoustic_021-099-025.wav,valid,guitar,acoustic,99,25,16000,nsynth_license,
organ_electronic_057-072-127,../../datasets/nsynth/nsynth-valid/audio/organ_electronic_057-072-127.wav,valid,organ,electronic,72,127,16000,nsynth_license,
organ_electronic_007-015-127,../../datasets/nsynth/nsynth-valid/audio/organ_electronic_007-015-127.wav,valid,organ,electronic,15,127,16000,nsynth_license,
bass_synthetic_098-095-100,../../datasets/nsynth/nsynth-valid/audio/bass_synthetic_098-095-100.wav,valid,bass,synthetic,95,100,16000,nsynth_license,
vocal_synthetic_003-035-100,../../datasets/nsynth/nsynth-valid/audio/vocal_synthetic_003-035-100.wav,valid,vocal,synthetic,35,100,16000,nsynth_license,
vocal_acoustic_000-057-075,../../datasets/nsynth/nsynth-valid/audio/vocal_acoustic_000-057-075.wav,valid,vocal,acoustic,57,75,16000,nsynth_license,
organ_electronic_104-070-100,../../datasets/nsynth/nsynth-valid/audio/organ_electronic_104-070-100.wav,valid,organ,electronic,70,100,16000,nsynth_license,
keyboard_electronic_098-061-050,../../datasets/nsynth/nsynth-valid/audio/keyboard_electronic_098-061-050.wav,valid,keyboard,electronic,61,50,16000,nsynth_license,
string_acoustic_057-081-025,../../datasets/nsynth/nsynth-valid/audio/string_acoustic_057-081-025.wav,valid,string,acoustic,81,25,16000,nsynth_license,
bass_synthetic_135-028-075,../../datasets/nsynth/nsynth-valid/audio/bass_synthetic_135-028-075.wav,valid,bass,synthetic,28,75,16000,nsynth_license,
organ_electronic_028-053-075,../../datasets/nsynth/nsynth-valid/audio/organ_electronic_028-053-075.wav,valid,organ,electronic,53,75,16000,nsynth_license,
organ_electronic_028-034-100,../../datasets/nsynth/nsynth-valid/audio/organ_electronic_028-034-100.wav,valid,organ,electronic,34,100,16000,nsynth_license,
guitar_acoustic_015-038-100,../../datasets/nsynth/nsynth-valid/audio/guitar_acoustic_015-038-100.wav,valid,guitar,acoustic,38,100,16000,nsynth_license,
organ_electronic_028-037-127,../../datasets/nsynth/nsynth-valid/audio/organ_electronic_028-037-127.wav,valid,organ,electronic,37,127,16000,nsynth_license,
guitar_acoustic_021-021-127,../../datasets/nsynth/nsynth-valid/audio/guitar_acoustic_021-021-127.wav,valid,guitar,acoustic,21,127,16000,nsynth_license,
guitar_acoustic_021-022-100,../../datasets/nsynth/nsynth-valid/audio/guitar_acoustic_021-022-100.wav,valid,guitar,acoustic,22,100,16000,nsynth_license,
flute_synthetic_000-096-075,../../datasets/nsynth/nsynth-valid/audio/flute_synthetic_000-096-075.wav,valid,flute,synthetic,96,75,16000,nsynth_license,
organ_electronic_028-029-025,../../datasets/nsynth/nsynth-valid/audio/organ_electronic_028-029-025.wav,valid,organ,electronic,29,25,16000,nsynth_license,
bass_synthetic_134-064-075,../../datasets/nsynth/nsynth-valid/audio/bass_synthetic_134-064-075.wav,valid,bass,synthetic,64,75,16000,nsynth_license,
guitar_acoustic_021-033-025,../../datasets/nsynth/nsynth-valid/audio/guitar_acoustic_021-033-025.wav,valid,guitar,acoustic,33,25,16000,nsynth_license,
bass_electronic_025-036-050,../../datasets/nsynth/nsynth-valid/audio/bass_electronic_025-036-050.wav,valid,bass,electronic,36,50,16000,nsynth_license,
bass_synthetic_068-064-025,../../datasets/nsynth/nsynth-valid/audio/bass_synthetic_068-064-025.wav,valid,bass,synthetic,64,25,16000,nsynth_license,
brass_acoustic_046-062-050,../../datasets/nsynth/nsynth-valid/audio/brass_acoustic_046-062-050.wav,valid,brass,acoustic,62,50,16000,nsynth_license,
guitar_acoustic_015-036-100,../../datasets/nsynth/nsynth-valid/audio/guitar_acoustic_015-036-100.wav,valid,guitar,acoustic,36,100,16000,nsynth_license,
mallet_acoustic_047-107-075,../../datasets/nsynth/nsynth-valid/audio/mallet_acoustic_047-107-075.wav,valid,mallet,acoustic,107,75,16000,nsynth_license,
reed_acoustic_023-094-075,../../datasets/nsynth/nsynth-valid/audio/reed_acoustic_023-094-075.wav,valid,reed,acoustic,94,75,16000,nsynth_license,
reed_acoustic_011-035-100,../../datasets/nsynth/nsynth-valid/audio/reed_acoustic_011-035-100.wav,valid,reed,acoustic,35,100,16000,nsynth_license,
guitar_electronic_028-040-100,../../datasets/nsynth/nsynth-valid/audio/guitar_electronic_028-040-100.wav,valid,guitar,electronic,40,100,16000,nsynth_license,
organ_electronic_001-079-025,../../datasets/nsynth/nsynth-valid/audio/organ_electronic_001-079-025.wav,valid,organ,electronic,79,25,16000,nsynth_license,
brass_acoustic_015-073-025,../../datasets/nsynth/nsynth-valid/audio/brass_acoustic_015-073-025.wav,valid,brass,acoustic,73,25,16000,nsynth_license,
keyboard_electronic_003-066-127,../../datasets/nsynth/nsynth-valid/audio/keyboard_electronic_003-066-127.wav,valid,keyboard,electronic,66,127,16000,nsynth_license,
bass_synthetic_134-034-025,../../datasets/nsynth/nsynth-valid/audio/bass_synthetic_134-034-025.wav,valid,bass,synthetic,34,25,16000,nsynth_license,
bass_synthetic_135-024-075,../../datasets/nsynth/nsynth-valid/audio/bass_synthetic_135-024-075.wav,valid,bass,synthetic,24,75,16000,nsynth_license,
reed_acoustic_037-074-050,../../datasets/nsynth/nsynth-valid/audio/reed_acoustic_037-074-050.wav,valid,reed,acoustic,74,50,16000,nsynth_license,
brass_acoustic_046-078-075,../../datasets/nsynth/nsynth-valid/audio/brass_acoustic_046-078-075.wav,valid,brass,acoustic,78,75,16000,nsynth_license,
bass_electronic_027-053-100,../../datasets/nsynth/nsynth-valid/audio/bass_electronic_027-053-100.wav,valid,bass,electronic,53,100,16000,nsynth_license,
keyboard_synthetic_000-082-075,../../datasets/nsynth/nsynth-valid/audio/keyboard_synthetic_000-082-075.wav,valid,keyboard,synthetic,82,75,16000,nsynth_license,
brass_acoustic_059-036-075,../../datasets/nsynth/nsynth-valid/audio/brass_acoustic_059-036-075.wav,valid,brass,acoustic,36,75,16000,nsynth_license,
organ_electronic_104-037-075,../../datasets/nsynth/nsynth-valid/audio/organ_electronic_104-037-075.wav,valid,organ,electronic,37,75,16000,nsynth_license,
guitar_electronic_028-053-050,../../datasets/nsynth/nsynth-valid/audio/guitar_electronic_028-053-050.wav,valid,guitar,electronic,53,50,16000,nsynth_license,
organ_electronic_104-072-025,../../datasets/nsynth/nsynth-valid/audio/organ_electronic_104-072-025.wav,valid,organ,electronic,72,25,16000,nsynth_license,
keyboard_synthetic_000-081-127,../../datasets/nsynth/nsynth-valid/audio/keyboard_synthetic_000-081-127.wav,valid,keyboard,synthetic,81,127,16000,nsynth_license,
string_acoustic_012-055-100,../../datasets/nsynth/nsynth-valid/audio/string_acoustic_012-055-100.wav,valid,string,acoustic,55,100,16000,nsynth_license,
organ_electronic_104-059-025,../../datasets/nsynth/nsynth-valid/audio/organ_electronic_104-059-025.wav,valid,organ,electronic,59,25,16000,nsynth_license,
organ_electronic_007-087-050,../../datasets/nsynth/nsynth-valid/audio/organ_electronic_007-087-050.wav,valid,organ,electronic,87,50,16000,nsynth_license,
organ_electronic_007-046-050,../../datasets/nsynth/nsynth-valid/audio/organ_electronic_007-046-050.wav,valid,organ,electronic,46,50,16000,nsynth_license,
reed_acoustic_011-035-050,../../datasets/nsynth/nsynth-valid/audio/reed_acoustic_011-035-050.wav,valid,reed,acoustic,35,50,16000,nsynth_license,
guitar_acoustic_030-062-127,../../datasets/nsynth/nsynth-valid/audio/guitar_acoustic_030-062-127.wav,valid,guitar,acoustic,62,127,16000,nsynth_license,
bass_synthetic_098-099-050,../../datasets/nsynth/nsynth-valid/audio/bass_synthetic_098-099-050.wav,valid,bass,synthetic,99,50,16000,nsynth_license,
vocal_synthetic_003-039-050,../../datasets/nsynth/nsynth-valid/audio/vocal_synthetic_003-039-050.wav,valid,vocal,synthetic,39,50,16000,nsynth_license,
mallet_acoustic_047-106-075,../../datasets/nsynth/nsynth-valid/audio/mallet_acoustic_047-106-075.wav,valid,mallet,acoustic,106,75,16000,nsynth_license,
reed_acoustic_018-053-100,../../datasets/nsynth/nsynth-valid/audio/reed_acoustic_018-053-100.wav,valid,reed,acoustic,53,100,16000,nsynth_license,
bass_electronic_027-060-127,../../datasets/nsynth/nsynth-valid/audio/bass_electronic_027-060-127.wav,valid,bass,electronic,60,127,16000,nsynth_license,
mallet_acoustic_047-095-075,../../datasets/nsynth/nsynth-valid/audio/mallet_acoustic_047-095-075.wav,valid,mallet,acoustic,95,75,16000,nsynth_license,
bass_synthetic_033-105-127,../../datasets/nsynth/nsynth-valid/audio/bass_synthetic_033-105-127.wav,valid,bass,synthetic,105,127,16000,nsynth_license,
bass_synthetic_033-060-050,../../datasets/nsynth/nsynth-valid/audio/bass_synthetic_033-060-050.wav,valid,bass,synthetic,60,50,16000,nsynth_license,
keyboard_electronic_003-037-100,../../datasets/nsynth/nsynth-valid/audio/keyboard_electronic_003-037-100.wav,valid,keyboard,electronic,37,100,16000,nsynth_license,
bass_synthetic_033-061-127,../../datasets/nsynth/nsynth-valid/audio/bass_synthetic_033-061-127.wav,valid,bass,synthetic,61,127,16000,nsynth_license,
flute_synthetic_000-064-050,../../datasets/nsynth/nsynth-valid/audio/flute_synthetic_000-064-050.wav,valid,flute,synthetic,64,50,16000,nsynth_license,
mallet_acoustic_056-117-025,../../datasets/nsynth/nsynth-valid/audio/mallet_acoustic_056-117-025.wav,valid,mallet,acoustic,117,25,16000,nsynth_license,
keyboard_electronic_001-087-075,../../datasets/nsynth/nsynth-valid/audio/keyboard_electronic_001-087-075.wav,valid,keyboard,electronic,87,75,16000,nsynth_license,
keyboard_electronic_003-063-100,../../datasets/nsynth/nsynth-valid/audio/keyboard_electronic_003-063-100.wav,valid,keyboard,electronic,63,100,16000,nsynth_license,
keyboard_electronic_001-084-075,../../datasets/nsynth/nsynth-valid/audio/keyboard_electronic_001-084-075.wav,valid,keyboard,electronic,84,75,16000,nsynth_license,
keyboard_electronic_002-038-100,../../datasets/nsynth/nsynth-valid/audio/keyboard_electronic_002-038-100.wav,valid,keyboard,electronic,38,100,16000,nsynth_license,
brass_acoustic_006-083-025,../../datasets/nsynth/nsynth-valid/audio/brass_acoustic_006-083-025.wav,valid,brass,acoustic,83,25,16000,nsynth_license,
bass_synthetic_033-061-025,../../datasets/nsynth/nsynth-valid/audio/bass_synthetic_033-061-025.wav,valid,bass,synthetic,61,25,16000,nsynth_license,
mallet_acoustic_062-065-025,../../datasets/nsynth/nsynth-valid/audio/mallet_acoustic_062-065-025.wav,valid,mallet,acoustic,65,25,16000,nsynth_license,
bass_electronic_018-049-127,../../datasets/nsynth/nsynth-valid/audio/bass_electronic_018-049-127.wav,valid,bass,electronic,49,127,16000,nsynth_license,
guitar_acoustic_021-036-127,../../datasets/nsynth/nsynth-valid/audio/guitar_acoustic_021-036-127.wav,valid,guitar,acoustic,36,127,16000,nsynth_license,
keyboard_synthetic_000-034-100,../../datasets/nsynth/nsynth-valid/audio/keyboard_synthetic_000-034-100.wav,valid,keyboard,synthetic,34,100,16000,nsynth_license,
string_acoustic_080-028-127,../../datasets/nsynth/nsynth-valid/audio/string_acoustic_080-028-127.wav,valid,string,acoustic,28,127,16000,nsynth_license,
organ_electronic_057-078-050,../../datasets/nsynth/nsynth-valid/audio/organ_electronic_057-078-050.wav,valid,organ,electronic,78,50,16000,nsynth_license,
guitar_acoustic_021-077-127,../../datasets/nsynth/nsynth-valid/audio/guitar_acoustic_021-077-127.wav,valid,guitar,acoustic,77,127,16000,nsynth_license,
guitar_acoustic_014-100-050,../../datasets/nsynth/nsynth-valid/audio/guitar_acoustic_014-100-050.wav,valid,guitar,acoustic,100,50,16000,nsynth_license,
bass_synthetic_098-062-075,../../datasets/nsynth/nsynth-valid/audio/bass_synthetic_098-062-075.wav,valid,bass,synthetic,62,75,16000,nsynth_license,
bass_synthetic_034-063-025,../../datasets/nsynth/nsynth-valid/audio/bass_synthetic_034-063-025.wav,valid,bass,synthetic,63,25,16000,nsynth_license,
bass_synthetic_068-096-100,../../datasets/nsynth/nsynth-valid/audio/bass_synthetic_068-096-100.wav,valid,bass,synthetic,96,100,16000,nsynth_license,
bass_synthetic_135-094-075,../../datasets/nsynth/nsynth-valid/audio/bass_synthetic_135-094-075.wav,valid,bass,synthetic,94,75,16000,nsynth_license,
organ_electronic_028-050-075,../../datasets/nsynth/nsynth-valid/audio/organ_electronic_028-050-075.wav,valid,organ,electronic,50,75,16000,nsynth_license,
keyboard_electronic_001-036-100,../../datasets/nsynth/nsynth-valid/audio/keyboard_electronic_001-036-100.wav,valid,keyboard,electronic,36,100,16000,nsynth_license,
keyboard_electronic_002-072-100,../../datasets/nsynth/nsynth-valid/audio/keyboard_electronic_002-072-100.wav,valid,keyboard,electronic,72,100,16000,nsynth_license,
bass_synthetic_134-106-025,../../datasets/nsynth/nsynth-valid/audio/bass_synthetic_134-106-025.wav,valid,bass,synthetic,106,25,16000,nsynth_license,
reed_acoustic_018-060-100,../../datasets/nsynth/nsynth-valid/audio/reed_acoustic_018-060-100.wav,valid,reed,acoustic,60,100,16000,nsynth_license,
bass_electronic_018-045-050,../../datasets/nsynth/nsynth-valid/audio/bass_electronic_018-045-050.wav,valid,bass,electronic,45,50,16000,nsynth_license,
bass_synthetic_134-055-050,../../datasets/nsynth/nsynth-valid/audio/bass_synthetic_134-055-050.wav,valid,bass,synthetic,55,50,16000,nsynth_license,
string_acoustic_056-060-050,../../datasets/nsynth/nsynth-valid/audio/string_acoustic_056-060-050.wav,valid,string,acoustic,60,50,16000,nsynth_license,
guitar_electronic_022-088-100,../../datasets/nsynth/nsynth-valid/audio/guitar_electronic_022-088-100.wav,valid,guitar,electronic,88,100,16000,nsynth_license,
guitar_acoustic_030-098-050,../../datasets/nsynth/nsynth-valid/audio/guitar_acoustic_030-098-050.wav,valid,guitar,acoustic,98,50,16000,nsynth_license,
keyboard_electronic_001-106-075,../../datasets/nsynth/nsynth-valid/audio/keyboard_electronic_001-106-075.wav,valid,keyboard,electronic,106,75,16000,nsynth_license,
guitar_electronic_028-056-075,../../datasets/nsynth/nsynth-valid/audio/guitar_electronic_028-056-075.wav,valid,guitar,electronic,56,75,16000,nsynth_license,
vocal_synthetic_003-059-127,../../datasets/nsynth/nsynth-valid/audio/vocal_synthetic_003-059-127.wav,valid,vocal,synthetic,59,127,16000,nsynth_license,
brass_acoustic_046-080-127,../../datasets/nsynth/nsynth-valid/audio/brass_acoustic_046-080-127.wav,valid,brass,acoustic,80,127,16000,nsynth_license,
mallet_acoustic_056-115-075,../../datasets/nsynth/nsynth-valid/audio/mallet_acoustic_056-115-075.wav,valid,mallet,acoustic,115,75,16000,nsynth_license,
keyboard_electronic_069-051-127,../../datasets/nsynth/nsynth-valid/audio/keyboard_electronic_069-051-127.wav,valid,keyboard,electronic,51,127,16000,nsynth_license,
organ_electronic_057-080-100,../../datasets/nsynth/nsynth-valid/audio/organ_electronic_057-080-100.wav,valid,organ,electronic,80,100,16000,nsynth_license,
bass_electronic_018-052-025,../../datasets/nsynth/nsynth-valid/audio/bass_electronic_018-052-025.wav,valid,bass,electronic,52,25,16000,nsynth_license,
keyboard_electronic_002-079-025,../../datasets/nsynth/nsynth-valid/audio/keyboard_electronic_002-079-025.wav,valid,keyboard,electronic,79,25,16000,nsynth_license,
keyboard_electronic_069-079-075,../../datasets/nsynth/nsynth-valid/audio/keyboard_electronic_069-079-075.wav,valid,keyboard,electronic,79,75,16000,nsynth_license,
bass_electronic_018-046-050,../../datasets/nsynth/nsynth-valid/audio/bass_electronic_018-046-050.wav,valid,bass,electronic,46,50,16000,nsynth_license,
organ_electronic_007-038-050,../../datasets/nsynth/nsynth-valid/audio/organ_electronic_007-038-050.wav,valid,organ,electronic,38,50,16000,nsynth_license,
vocal_synthetic_003-045-127,../../datasets/nsynth/nsynth-valid/audio/vocal_synthetic_003-045-127.wav,valid,vocal,synthetic,45,127,16000,nsynth_license,
keyboard_electronic_098-083-127,../../datasets/nsynth/nsynth-valid/audio/keyboard_electronic_098-083-127.wav,valid,keyboard,electronic,83,127,16000,nsynth_license,
brass_acoustic_015-068-100,../../datasets/nsynth/nsynth-valid/audio/brass_acoustic_015-068-100.wav,valid,brass,acoustic,68,100,16000,nsynth_license,
organ_electronic_007-037-025,../../datasets/nsynth/nsynth-valid/audio/organ_electronic_007-037-025.wav,valid,organ,electronic,37,25,16000,nsynth_license,
string_acoustic_014-044-075,../../datasets/nsynth/nsynth-valid/audio/string_acoustic_014-044-075.wav,valid,string,acoustic,44,75,16000,nsynth_license,
organ_electronic_057-025-025,../../datasets/nsynth/nsynth-valid/audio/organ_electronic_057-025-025.wav,valid,organ,electronic,25,25,16000,nsynth_license,
guitar_acoustic_014-084-050,../../datasets/nsynth/nsynth-valid/audio/guitar_acoustic_014-084-050.wav,valid,guitar,acoustic,84,50,16000,nsynth_license,
guitar_acoustic_015-086-100,../../datasets/nsynth/nsynth-valid/audio/guitar_acoustic_015-086-100.wav,valid,guitar,acoustic,86,100,16000,nsynth_license,
keyboard_electronic_078-033-100,../../datasets/nsynth/nsynth-valid/audio/keyboard_electronic_078-033-100.wav,valid,keyboard,electronic,33,100,16000,nsynth_license,
guitar_acoustic_015-037-050,../../datasets/nsynth/nsynth-valid/audio/guitar_acoustic_015-037-050.wav,valid,guitar,acoustic,37,50,16000,nsynth_license,
reed_acoustic_023-089-100,../../datasets/nsynth/nsynth-valid/audio/reed_acoustic_023-089-100.wav,valid,reed,acoustic,89,100,16000,nsynth_license,
flute_synthetic_000-092-050,../../datasets/nsynth/nsynth-valid/audio/flute_synthetic_000-092-050.wav,valid,flute,synthetic,92,50,16000,nsynth_license,
mallet_acoustic_047-089-127,../../datasets/nsynth/nsynth-valid/audio/mallet_acoustic_047-089-127.wav,valid,mallet,acoustic,89,127,16000,nsynth_license,
organ_electronic_001-061-127,../../datasets/nsynth/nsynth-valid/audio/organ_electronic_001-061-127.wav,valid,organ,electronic,61,127,16000,nsynth_license,
guitar_acoustic_014-101-100,../../datasets/nsynth/nsynth-valid/audio/guitar_acoustic_014-101-100.wav,valid,guitar,acoustic,101,100,16000,nsynth_license,
string_acoustic_071-025-025,../../datasets/nsynth/nsynth-valid/audio/string_acoustic_071-025-025.wav,valid,string,acoustic,25,25,16000,nsynth_license,
brass_acoustic_015-060-050,../../datasets/nsynth/nsynth-valid/audio/brass_acoustic_015-060-050.wav,valid,brass,acoustic,60,50,16000,nsynth_license,
guitar_acoustic_014-040-100,../../datasets/nsynth/nsynth-valid/audio/guitar_acoustic_014-040-100.wav,valid,guitar,acoustic,40,100,16000,nsynth_license,
reed_acoustic_023-065-100,../../datasets/nsynth/nsynth-valid/audio/reed_acoustic_023-065-100.wav,valid,reed,acoustic,65,100,16000,nsynth_license,
keyboard_synthetic_000-103-075,../../datasets/nsynth/nsynth-valid/audio/keyboard_synthetic_000-103-075.wav,valid,keyboard,synthetic,103,75,16000,nsynth_license,
guitar_acoustic_010-108-025,../../datasets/nsynth/nsynth-valid/audio/guitar_acoustic_010-108-025.wav,valid,guitar,acoustic,108,25,16000,nsynth_license,
keyboard_synthetic_000-080-075,../../datasets/nsynth/nsynth-valid/audio/keyboard_synthetic_000-080-075.wav,valid,keyboard,synthetic,80,75,16000,nsynth_license,
flute_synthetic_000-024-025,../../datasets/nsynth/nsynth-valid/audio/flute_synthetic_000-024-025.wav,valid,flute,synthetic,24,25,16000,nsynth_license,
guitar_acoustic_014-066-025,../../datasets/nsynth/nsynth-valid/audio/guitar_acoustic_014-066-025.wav,valid,guitar,acoustic,66,25,16000,nsynth_license,
bass_synthetic_009-022-075,../../datasets/nsynth/nsynth-valid/audio/bass_synthetic_009-022-075.wav,valid,bass,synthetic,22,75,16000,nsynth_license,
brass_acoustic_006-042-127,../../datasets/nsynth/nsynth-valid/audio/brass_acoustic_006-042-127.wav,valid,brass,acoustic,42,127,16000,nsynth_license,
brass_acoustic_059-056-100,../../datasets/nsynth/nsynth-valid/audio/brass_acoustic_059-056-100.wav,valid,brass,acoustic,56,100,16000,nsynth_license,
brass_acoustic_006-082-100,../../datasets/nsynth/nsynth-valid/audio/brass_acoustic_006-082-100.wav,valid,brass,acoustic,82,100,16000,nsynth_license,
keyboard_electronic_098-103-127,../../datasets/nsynth/nsynth-valid/audio/keyboard_electronic_098-103-127.wav,valid,keyboard,electronic,103,127,16000,nsynth_license,
flute_acoustic_002-088-025,../../datasets/nsynth/nsynth-valid/audio/flute_acoustic_002-088-025.wav,valid,flute,acoustic,88,25,16000,nsynth_license,
bass_synthetic_068-085-050,../../datasets/nsynth/nsynth-valid/audio/bass_synthetic_068-085-050.wav,valid,bass,synthetic,85,50,16000,nsynth_license,
keyboard_acoustic_004-036-025,../../datasets/nsynth/nsynth-valid/audio/keyboard_acoustic_004-036-025.wav,valid,keyboard,acoustic,36,25,16000,nsynth_license,
bass_synthetic_135-056-050,../../datasets/nsynth/nsynth-valid/audio/bass_synthetic_135-056-050.wav,valid,bass,synthetic,56,50,16000,nsynth_license,
organ_electronic_113-029-050,../../datasets/nsynth/nsynth-valid/audio/organ_electronic_113-029-050.wav,valid,organ,electronic,29,50,16000,nsynth_license,
brass_acoustic_006-039-127,../../datasets/nsynth/nsynth-valid/audio/brass_acoustic_006-039-127.wav,valid,brass,acoustic,39,127,16000,nsynth_license,
bass_synthetic_134-027-075,../../datasets/nsynth/nsynth-valid/audio/bass_synthetic_134-027-075.wav,valid,bass,synthetic,27,75,16000,nsynth_license,
bass_synthetic_033-021-025,../../datasets/nsynth/nsynth-valid/audio/bass_synthetic_033-021-025.wav,valid,bass,synthetic,21,25,16000,nsynth_license,
guitar_acoustic_021-088-025,../../datasets/nsynth/nsynth-valid/audio/guitar_acoustic_021-088-025.wav,valid,guitar,acoustic,88,25,16000,nsynth_license,
keyboard_acoustic_004-085-050,../../datasets/nsynth/nsynth-valid/audio/keyboard_acoustic_004-085-050.wav,valid,keyboard,acoustic,85,50,16000,nsynth_license,
organ_electronic_104-061-075,../../datasets/nsynth/nsynth-valid/audio/organ_electronic_104-061-075.wav,valid,organ,electronic,61,75,16000,nsynth_license,
keyboard_electronic_098-035-100,../../datasets/nsynth/nsynth-valid/audio/keyboard_electronic_098-035-100.wav,valid,keyboard,electronic,35,100,16000,nsynth_license,
vocal_synthetic_003-057-050,../../datasets/nsynth/nsynth-valid/audio/vocal_synthetic_003-057-050.wav,valid,vocal,synthetic,57,50,16000,nsynth_license,
organ_electronic_104-057-050,../../datasets/nsynth/nsynth-valid/audio/organ_electronic_104-057-050.wav,valid,organ,electronic,57,50,16000,nsynth_license,
organ_electronic_001-086-025,../../datasets/nsynth/nsynth-valid/audio/organ_electronic_001-086-025.wav,valid,organ,electronic,86,25,16000,nsynth_license,
organ_electronic_104-045-050,../../datasets/nsynth/nsynth-valid/audio/organ_electronic_104-045-050.wav,valid,organ,electronic,45,50,16000,nsynth_license,
organ_electronic_028-058-025,../../datasets/nsynth/nsynth-valid/audio/organ_electronic_028-058-025.wav,valid,organ,electronic,58,25,16000,nsynth_license,
flute_synthetic_000-022-127,../../datasets/nsynth/nsynth-valid/audio/flute_synthetic_000-022-127.wav,valid,flute,synthetic,22,127,16000,nsynth_license,
flute_synthetic_000-049-127,../../datasets/nsynth/nsynth-valid/audio/flute_synthetic_000-049-127.wav,valid,flute,synthetic,49,127,16000,nsynth_license,
organ_electronic_057-071-025,../../datasets/nsynth/nsynth-valid/audio/organ_electronic_057-071-025.wav,valid,organ,electronic,71,25,16000,nsynth_license,
bass_synthetic_033-086-100,../../datasets/nsynth/nsynth-valid/audio/bass_synthetic_033-086-100.wav,valid,bass,synthetic,86,100,16000,nsynth_license,
brass_acoustic_046-072-050,../../datasets/nsynth/nsynth-valid/audio/brass_acoustic_046-072-050.wav,valid,brass,acoustic,72,50,16000,nsynth_license,
reed_acoustic_023-067-025,../../datasets/nsynth/nsynth-valid/audio/reed_acoustic_023-067-025.wav,valid,reed,acoustic,67,25,16000,nsynth_license,
brass_acoustic_046-056-100,../../datasets/nsynth/nsynth-valid/audio/brass_acoustic_046-056-100.wav,valid,brass,acoustic,56,100,16000,nsynth_license,
keyboard_electronic_078-058-075,../../datasets/nsynth/nsynth-valid/audio/keyboard_electronic_078-058-075.wav,valid,keyboard,electronic,58,75,16000,nsynth_license,
reed_acoustic_018-057-127,../../datasets/nsynth/nsynth-valid/audio/reed_acoustic_018-057-127.wav,valid,reed,acoustic,57,127,16000,nsynth_license,
guitar_acoustic_015-065-127,../../datasets/nsynth/nsynth-valid/audio/guitar_acoustic_015-065-127.wav,valid,guitar,acoustic,65,127,16000,nsynth_license,
bass_electronic_018-030-025,../../datasets/nsynth/nsynth-valid/audio/bass_electronic_018-030-025.wav,valid,bass,electronic,30,25,16000,nsynth_license,
bass_synthetic_098-065-127,../../datasets/nsynth/nsynth-valid/audio/bass_synthetic_098-065-127.wav,valid,bass,synthetic,65,127,16000,nsynth_license,
keyboard_electronic_002-087-050,../../datasets/nsynth/nsynth-valid/audio/keyboard_electronic_002-087-050.wav,valid,keyboard,electronic,87,50,16000,nsynth_license,
mallet_acoustic_056-053-127,../../datasets/nsynth/nsynth-valid/audio/mallet_acoustic_056-053-127.wav,valid,mallet,acoustic,53,127,16000,nsynth_license,
brass_acoustic_059-048-025,../../datasets/nsynth/nsynth-valid/audio/brass_acoustic_059-048-025.wav,valid,brass,acoustic,48,25,16000,nsynth_license,
string_acoustic_014-057-127,../../datasets/nsynth/nsynth-valid/audio/string_acoustic_014-057-127.wav,valid,string,acoustic,57,127,16000,nsynth_license,
keyboard_electronic_003-052-025,../../datasets/nsynth/nsynth-valid/audio/keyboard_electronic_003-052-025.wav,valid,keyboard,electronic,52,25,16000,nsynth_license,
