track,model,stem,sdr,si_sdr,case_id,model_display_name,mode,task,reference_type,duration_sec,estimate_stems
AM Contra - Heart Peripheral,mixture_baseline,vocals,-4.205612933955877,-4.215319619299514,musdb_am_contra_heart_peripheral,Mixture baseline,musdb_4stem,musdb_4stem,musdb18hq_from_07_4,20.0,mixture
AM Contra - Heart Peripheral,mixture_baseline,drums,-2.285751388888653,-2.312142415113785,musdb_am_contra_heart_peripheral,Mixture baseline,musdb_4stem,musdb_4stem,musdb18hq_from_07_4,20.0,mixture
AM Contra - Heart Peripheral,mixture_baseline,bass,-5.071682464386362,-5.103246795855786,musdb_am_contra_heart_peripheral,Mixture baseline,musdb_4stem,musdb_4stem,musdb18hq_from_07_4,20.0,mixture
AM Contra - Heart Peripheral,mixture_baseline,other,-7.823875973429299,-7.916330111719906,musdb_am_contra_heart_peripheral,Mixture baseline,musdb_4stem,musdb_4stem,musdb18hq_from_07_4,20.0,mixture
AM Contra - Heart Peripheral,oracle_irm_mixture_phase,vocals,14.393568572000799,13.9400317449963,musdb_am_contra_heart_peripheral,Oracle IRM (mixture phase),musdb_4stem,musdb_4stem,musdb18hq_from_07_4,20.0,vocals
AM Contra - Heart Peripheral,oracle_irm_mixture_phase,drums,6.082214987190968,5.9063936059936,musdb_am_contra_heart_peripheral,Oracle IRM (mixture phase),musdb_4stem,musdb_4stem,musdb18hq_from_07_4,20.0,drums
AM Contra - Heart Peripheral,oracle_irm_mixture_phase,bass,3.550617805085712,3.452569042985135,musdb_am_contra_heart_peripheral,Oracle IRM (mixture phase),musdb_4stem,musdb_4stem,musdb18hq_from_07_4,20.0,bass
AM Contra - Heart Peripheral,oracle_irm_mixture_phase,other,2.271912274293863,1.946283769997816,musdb_am_contra_heart_peripheral,Oracle IRM (mixture phase),musdb_4stem,musdb_4stem,musdb18hq_from_07_4,20.0,other
AM Contra - Heart Peripheral,mixture_baseline,vocals,-4.205612933955877,-4.215319619299514,musdb_am_contra_heart_peripheral,Mixture baseline,vocals_accompaniment_2stem,vocals_accompaniment_2stem,musdb18hq_from_07_4,20.0,mixture
AM Contra - Heart Peripheral,mixture_baseline,accompaniment,4.21658925431758,4.2039252805644525,musdb_am_contra_heart_peripheral,Mixture baseline,vocals_accompaniment_2stem,vocals_accompaniment_2stem,musdb18hq_from_07_4,20.0,mixture
AM Contra - Heart Peripheral,oracle_irm_mixture_phase,vocals,14.524815265832768,14.177532364898031,musdb_am_contra_heart_peripheral,Oracle IRM (mixture phase),vocals_accompaniment_2stem,vocals_accompaniment_2stem,musdb18hq_from_07_4,20.0,vocals
AM Contra - Heart Peripheral,oracle_irm_mixture_phase,accompaniment,18.739279207774572,18.060652243816534,musdb_am_contra_heart_peripheral,Oracle IRM (mixture phase),vocals_accompaniment_2stem,vocals_accompaniment_2stem,musdb18hq_from_07_4,20.0,accompaniment
Al James - Schoolboy Facination,mixture_baseline,vocals,0.6631037812101181,0.6361869782676051,musdb_al_james_schoolboy_facination,Mixture baseline,musdb_4stem,musdb_4stem,musdb18hq_from_07_4,20.0,mixture
Al James - Schoolboy Facination,mixture_baseline,drums,-8.365141278421284,-8.40596383120393,musdb_al_james_schoolboy_facination,Mixture baseline,musdb_4stem,musdb_4stem,musdb18hq_from_07_4,20.0,mixture
Al James - Schoolboy Facination,mixture_baseline,bass,-4.8310451081393175,-4.885464366950079,musdb_al_james_schoolboy_facination,Mixture baseline,musdb_4stem,musdb_4stem,musdb18hq_from_07_4,20.0,mixture
Al James - Schoolboy Facination,mixture_baseline,other,-9.165727682721707,-9.561346437392556,musdb_al_james_schoolboy_facination,Mixture baseline,musdb_4stem,musdb_4stem,musdb18hq_from_07_4,20.0,mixture
Al James - Schoolboy Facination,oracle_irm_mixture_phase,vocals,10.747513903776497,10.156248470507165,musdb_al_james_schoolboy_facination,Oracle IRM (mixture phase),musdb_4stem,musdb_4stem,musdb18hq_from_07_4,20.0,vocals
Al James - Schoolboy Facination,oracle_irm_mixture_phase,drums,4.901965531343383,4.69913763085774,musdb_al_james_schoolboy_facination,Oracle IRM (mixture phase),musdb_4stem,musdb_4stem,musdb18hq_from_07_4,20.0,drums
Al James - Schoolboy Facination,oracle_irm_mixture_phase,bass,8.184480047883477,7.373130566981007,musdb_al_james_schoolboy_facination,Oracle IRM (mixture phase),musdb_4stem,musdb_4stem,musdb18hq_from_07_4,20.0,bass
Al James - Schoolboy Facination,oracle_irm_mixture_phase,other,1.6229085099230087,1.0317108762372371,musdb_al_james_schoolboy_facination,Oracle IRM (mixture phase),musdb_4stem,musdb_4stem,musdb18hq_from_07_4,20.0,other
Al James - Schoolboy Facination,mixture_baseline,vocals,0.6631037812101181,0.6361869782676051,musdb_al_james_schoolboy_facination,Mixture baseline,vocals_accompaniment_2stem,vocals_accompaniment_2stem,musdb18hq_from_07_4,20.0,mixture
Al James - Schoolboy Facination,mixture_baseline,accompaniment,-0.4938594219621991,-0.5284791133304535,musdb_al_james_schoolboy_facination,Mixture baseline,vocals_accompaniment_2stem,vocals_accompaniment_2stem,musdb18hq_from_07_4,20.0,mixture
Al James - Schoolboy Facination,oracle_irm_mixture_phase,vocals,10.789928699717478,10.382886748007664,musdb_al_james_schoolboy_facination,Oracle IRM (mixture phase),vocals_accompaniment_2stem,vocals_accompaniment_2stem,musdb18hq_from_07_4,20.0,vocals
Al James - Schoolboy Facination,oracle_irm_mixture_phase,accompaniment,10.09761400721567,9.458887428193732,musdb_al_james_schoolboy_facination,Oracle IRM (mixture phase),vocals_accompaniment_2stem,vocals_accompaniment_2stem,musdb18hq_from_07_4,20.0,accompaniment
AM Contra - Heart Peripheral,demucs_htdemucs_6stem,vocals,12.13660635308182,11.588959117267617,musdb_am_contra_heart_peripheral,Demucs htdemucs_6s 6-stem,6stems,musdb_4stem,musdb18hq_from_07_4,20.0,vocals
AM Contra - Heart Peripheral,demucs_htdemucs_6stem,drums,6.489125105021878,6.186356312991261,musdb_am_contra_heart_peripheral,Demucs htdemucs_6s 6-stem,6stems,musdb_4stem,musdb18hq_from_07_4,20.0,drums
AM Contra - Heart Peripheral,demucs_htdemucs_6stem,bass,1.2490893222602548,0.8147259246326105,musdb_am_contra_heart_peripheral,Demucs htdemucs_6s 6-stem,6stems,musdb_4stem,musdb18hq_from_07_4,20.0,bass
AM Contra - Heart Peripheral,demucs_htdemucs_6stem,other,-1.3938615169097022,-11.757376537548321,musdb_am_contra_heart_peripheral,Demucs htdemucs_6s 6-stem,6stems,musdb_4stem,musdb18hq_from_07_4,20.0,other;guitar;piano
AM Contra - Heart Peripheral,demucs_htdemucs_6stem,vocals,12.13660635308182,11.588959117267617,musdb_am_contra_heart_peripheral,Demucs htdemucs_6s 6-stem,6stems,vocals_accompaniment_2stem,musdb18hq_from_07_4,20.0,vocals
AM Contra - Heart Peripheral,demucs_htdemucs_6stem,accompaniment,16.50582733557927,15.376011752658874,musdb_am_contra_heart_peripheral,Demucs htdemucs_6s 6-stem,6stems,vocals_accompaniment_2stem,musdb18hq_from_07_4,20.0,drums;bass;other;guitar;piano
AM Contra - Heart Peripheral,demucs_htdemucs_ft_2stem,vocals,11.882582959160146,11.445092603398221,musdb_am_contra_heart_peripheral,Demucs htdemucs_ft 2-stem,2stems,vocals_accompaniment_2stem,musdb18hq_from_07_4,20.0,vocals
AM Contra - Heart Peripheral,demucs_htdemucs_ft_2stem,accompaniment,14.615917957557958,13.927524205888508,musdb_am_contra_heart_peripheral,Demucs htdemucs_ft 2-stem,2stems,vocals_accompaniment_2stem,musdb18hq_from_07_4,20.0,accompaniment
AM Contra - Heart Peripheral,demucs_htdemucs_ft_4stem,vocals,11.938658015467915,11.495724927581321,musdb_am_contra_heart_peripheral,Demucs htdemucs_ft 4-stem,4stems,musdb_4stem,musdb18hq_from_07_4,20.0,vocals
AM Contra - Heart Peripheral,demucs_htdemucs_ft_4stem,drums,6.804340145385571,6.263361597890615,musdb_am_contra_heart_peripheral,Demucs htdemucs_ft 4-stem,4stems,musdb_4stem,musdb18hq_from_07_4,20.0,drums
AM Contra - Heart Peripheral,demucs_htdemucs_ft_4stem,bass,1.1096872887416933,0.8561968371247776,musdb_am_contra_heart_peripheral,Demucs htdemucs_ft 4-stem,4stems,musdb_4stem,musdb18hq_from_07_4,20.0,bass
AM Contra - Heart Peripheral,demucs_htdemucs_ft_4stem,other,-4.132001607115043,-8.0456489470479,musdb_am_contra_heart_peripheral,Demucs htdemucs_ft 4-stem,4stems,musdb_4stem,musdb18hq_from_07_4,20.0,other
AM Contra - Heart Peripheral,demucs_htdemucs_ft_4stem,vocals,11.938658015467915,11.495724927581321,musdb_am_contra_heart_peripheral,Demucs htdemucs_ft 4-stem,4stems,vocals_accompaniment_2stem,musdb18hq_from_07_4,20.0,vocals
AM Contra - Heart Peripheral,demucs_htdemucs_ft_4stem,accompaniment,14.716502743469222,14.009180183172038,musdb_am_contra_heart_peripheral,Demucs htdemucs_ft 4-stem,4stems,vocals_accompaniment_2stem,musdb18hq_from_07_4,20.0,drums;bass;other
AM Contra - Heart Peripheral,demucs_mdx_extra_q_4stem,vocals,12.812647587054087,12.334648377486268,musdb_am_contra_heart_peripheral,Demucs mdx_extra_q 4-stem,4stems,musdb_4stem,musdb18hq_from_07_4,20.0,vocals
AM Contra - Heart Peripheral,demucs_mdx_extra_q_4stem,drums,10.569087906838321,10.15679454804949,musdb_am_contra_heart_peripheral,Demucs mdx_extra_q 4-stem,4stems,musdb_4stem,musdb18hq_from_07_4,20.0,drums
AM Contra - Heart Peripheral,demucs_mdx_extra_q_4stem,bass,6.5166261347936505,6.259413983073249,musdb_am_contra_heart_peripheral,Demucs mdx_extra_q 4-stem,4stems,musdb_4stem,musdb18hq_from_07_4,20.0,bass
AM Contra - Heart Peripheral,demucs_mdx_extra_q_4stem,other,2.410542750538032,1.770210029832625,musdb_am_contra_heart_peripheral,Demucs mdx_extra_q 4-stem,4stems,musdb_4stem,musdb18hq_from_07_4,20.0,other
AM Contra - Heart Peripheral,demucs_mdx_extra_q_4stem,vocals,12.812647587054087,12.334648377486268,musdb_am_contra_heart_peripheral,Demucs mdx_extra_q 4-stem,4stems,vocals_accompaniment_2stem,musdb18hq_from_07_4,20.0,vocals
AM Contra - Heart Peripheral,demucs_mdx_extra_q_4stem,accompaniment,17.607697676111794,16.577142123746395,musdb_am_contra_heart_peripheral,Demucs mdx_extra_q 4-stem,4stems,vocals_accompaniment_2stem,musdb18hq_from_07_4,20.0,drums;bass;other
AM Contra - Heart Peripheral,openunmix_umxhq_4stem,vocals,9.139812797531798,7.864546095717807,musdb_am_contra_heart_peripheral,Open-Unmix umxhq 4-stem,4stems,musdb_4stem,musdb18hq_from_07_4,20.0,vocals
AM Contra - Heart Peripheral,openunmix_umxhq_4stem,drums,2.8035134437437637,2.438471000204862,musdb_am_contra_heart_peripheral,Open-Unmix umxhq 4-stem,4stems,musdb_4stem,musdb18hq_from_07_4,20.0,drums
AM Contra - Heart Peripheral,openunmix_umxhq_4stem,bass,-0.7610137258235782,-1.156633324818822,musdb_am_contra_heart_peripheral,Open-Unmix umxhq 4-stem,4stems,musdb_4stem,musdb18hq_from_07_4,20.0,bass
AM Contra - Heart Peripheral,openunmix_umxhq_4stem,other,-7.3967606086150495,-13.421659354529647,musdb_am_contra_heart_peripheral,Open-Unmix umxhq 4-stem,4stems,musdb_4stem,musdb18hq_from_07_4,20.0,other
AM Contra - Heart Peripheral,openunmix_umxhq_4stem,vocals,9.139812797531798,7.864546095717807,musdb_am_contra_heart_peripheral,Open-Unmix umxhq 4-stem,4stems,vocals_accompaniment_2stem,musdb18hq_from_07_4,20.0,vocals
AM Contra - Heart Peripheral,openunmix_umxhq_4stem,accompaniment,13.08000294005031,12.638035636256832,musdb_am_contra_heart_peripheral,Open-Unmix umxhq 4-stem,4stems,vocals_accompaniment_2stem,musdb18hq_from_07_4,20.0,drums;bass;other
AM Contra - Heart Peripheral,torchaudio_hdemucs_high_musdb_plus,vocals,12.46199292322724,11.97738856079524,musdb_am_contra_heart_peripheral,Torchaudio HDemucs High MUSDB+,4stems,musdb_4stem,musdb18hq_from_07_4,20.0,vocals
AM Contra - Heart Peripheral,torchaudio_hdemucs_high_musdb_plus,drums,9.21769064508355,8.933032705699247,musdb_am_contra_heart_peripheral,Torchaudio HDemucs High MUSDB+,4stems,musdb_4stem,musdb18hq_from_07_4,20.0,drums
AM Contra - Heart Peripheral,torchaudio_hdemucs_high_musdb_plus,bass,3.690932306049854,3.5127158255950914,musdb_am_contra_heart_peripheral,Torchaudio HDemucs High MUSDB+,4stems,musdb_4stem,musdb18hq_from_07_4,20.0,bass
AM Contra - Heart Peripheral,torchaudio_hdemucs_high_musdb_plus,other,0.710977221830681,0.34411110609564055,musdb_am_contra_heart_peripheral,Torchaudio HDemucs High MUSDB+,4stems,musdb_4stem,musdb18hq_from_07_4,20.0,other
AM Contra - Heart Peripheral,torchaudio_hdemucs_high_musdb_plus,vocals,12.46199292322724,11.97738856079524,musdb_am_contra_heart_peripheral,Torchaudio HDemucs High MUSDB+,4stems,vocals_accompaniment_2stem,musdb18hq_from_07_4,20.0,vocals
AM Contra - Heart Peripheral,torchaudio_hdemucs_high_musdb_plus,accompaniment,16.999883697476413,16.17035813233901,musdb_am_contra_heart_peripheral,Torchaudio HDemucs High MUSDB+,4stems,vocals_accompaniment_2stem,musdb18hq_from_07_4,20.0,drums;bass;other
Al James - Schoolboy Facination,demucs_htdemucs_6stem,vocals,8.027215129341881,7.357907260892581,musdb_al_james_schoolboy_facination,Demucs htdemucs_6s 6-stem,6stems,musdb_4stem,musdb18hq_from_07_4,20.0,vocals
Al James - Schoolboy Facination,demucs_htdemucs_6stem,drums,6.74035328593137,5.636696300165152,musdb_al_james_schoolboy_facination,Demucs htdemucs_6s 6-stem,6stems,musdb_4stem,musdb18hq_from_07_4,20.0,drums
Al James - Schoolboy Facination,demucs_htdemucs_6stem,bass,13.044167896765062,12.200685219843535,musdb_al_james_schoolboy_facination,Demucs htdemucs_6s 6-stem,6stems,musdb_4stem,musdb18hq_from_07_4,20.0,bass
Al James - Schoolboy Facination,demucs_htdemucs_6stem,other,-2.6491443352102104,-3.003596869326694,musdb_al_james_schoolboy_facination,Demucs htdemucs_6s 6-stem,6stems,musdb_4stem,musdb18hq_from_07_4,20.0,other;guitar;piano
Al James - Schoolboy Facination,demucs_htdemucs_6stem,vocals,8.027215129341881,7.357907260892581,musdb_al_james_schoolboy_facination,Demucs htdemucs_6s 6-stem,6stems,vocals_accompaniment_2stem,musdb18hq_from_07_4,20.0,vocals
Al James - Schoolboy Facination,demucs_htdemucs_6stem,accompaniment,7.224188054050984,6.737452418778608,musdb_al_james_schoolboy_facination,Demucs htdemucs_6s 6-stem,6stems,vocals_accompaniment_2stem,musdb18hq_from_07_4,20.0,drums;bass;other;guitar;piano
Al James - Schoolboy Facination,demucs_htdemucs_ft_2stem,vocals,7.508260320082375,6.652936041860532,musdb_al_james_schoolboy_facination,Demucs htdemucs_ft 2-stem,2stems,vocals_accompaniment_2stem,musdb18hq_from_07_4,20.0,vocals
Al James - Schoolboy Facination,demucs_htdemucs_ft_2stem,accompaniment,7.164254750656285,6.69145138183059,musdb_al_james_schoolboy_facination,Demucs htdemucs_ft 2-stem,2stems,vocals_accompaniment_2stem,musdb18hq_from_07_4,20.0,accompaniment
Al James - Schoolboy Facination,demucs_htdemucs_ft_4stem,vocals,7.707253198776814,6.86762919133577,musdb_al_james_schoolboy_facination,Demucs htdemucs_ft 4-stem,4stems,musdb_4stem,musdb18hq_from_07_4,20.0,vocals
Al James - Schoolboy Facination,demucs_htdemucs_ft_4stem,drums,6.9822648045081,5.874698685442626,musdb_al_james_schoolboy_facination,Demucs htdemucs_ft 4-stem,4stems,musdb_4stem,musdb18hq_from_07_4,20.0,drums
Al James - Schoolboy Facination,demucs_htdemucs_ft_4stem,bass,13.574906293339613,12.657002188251056,musdb_al_james_schoolboy_facination,Demucs htdemucs_ft 4-stem,4stems,musdb_4stem,musdb18hq_from_07_4,20.0,bass
Al James - Schoolboy Facination,demucs_htdemucs_ft_4stem,other,-1.6546099407050159,-2.2408479638995003,musdb_al_james_schoolboy_facination,Demucs htdemucs_ft 4-stem,4stems,musdb_4stem,musdb18hq_from_07_4,20.0,other
Al James - Schoolboy Facination,demucs_htdemucs_ft_4stem,vocals,7.707253198776814,6.86762919133577,musdb_al_james_schoolboy_facination,Demucs htdemucs_ft 4-stem,4stems,vocals_accompaniment_2stem,musdb18hq_from_07_4,20.0,vocals
Al James - Schoolboy Facination,demucs_htdemucs_ft_4stem,accompaniment,7.1359242629175315,6.673430730560726,musdb_al_james_schoolboy_facination,Demucs htdemucs_ft 4-stem,4stems,vocals_accompaniment_2stem,musdb18hq_from_07_4,20.0,drums;bass;other
Al James - Schoolboy Facination,demucs_mdx_extra_q_4stem,vocals,9.508183409018995,9.252283523225602,musdb_al_james_schoolboy_facination,Demucs mdx_extra_q 4-stem,4stems,musdb_4stem,musdb18hq_from_07_4,20.0,vocals
Al James - Schoolboy Facination,demucs_mdx_extra_q_4stem,drums,7.048597262576011,5.967938196641791,musdb_al_james_schoolboy_facination,Demucs mdx_extra_q 4-stem,4stems,musdb_4stem,musdb18hq_from_07_4,20.0,drums
Al James - Schoolboy Facination,demucs_mdx_extra_q_4stem,bass,14.21746218055954,13.893583267637744,musdb_al_james_schoolboy_facination,Demucs mdx_extra_q 4-stem,4stems,musdb_4stem,musdb18hq_from_07_4,20.0,bass
Al James - Schoolboy Facination,demucs_mdx_extra_q_4stem,other,0.9993373334163242,0.30552197641111806,musdb_al_james_schoolboy_facination,Demucs mdx_extra_q 4-stem,4stems,musdb_4stem,musdb18hq_from_07_4,20.0,other
Al James - Schoolboy Facination,demucs_mdx_extra_q_4stem,vocals,9.508183409018995,9.252283523225602,musdb_al_james_schoolboy_facination,Demucs mdx_extra_q 4-stem,4stems,vocals_accompaniment_2stem,musdb18hq_from_07_4,20.0,vocals
Al James - Schoolboy Facination,demucs_mdx_extra_q_4stem,accompaniment,9.650512750026156,8.577163914706707,musdb_al_james_schoolboy_facination,Demucs mdx_extra_q 4-stem,4stems,vocals_accompaniment_2stem,musdb18hq_from_07_4,20.0,drums;bass;other
Al James - Schoolboy Facination,openunmix_umxhq_4stem,vocals,6.720569258919966,5.444622119223732,musdb_al_james_schoolboy_facination,Open-Unmix umxhq 4-stem,4stems,musdb_4stem,musdb18hq_from_07_4,20.0,vocals
Al James - Schoolboy Facination,openunmix_umxhq_4stem,drums,2.9737780235020623,2.0379344162701445,musdb_al_james_schoolboy_facination,Open-Unmix umxhq 4-stem,4stems,musdb_4stem,musdb18hq_from_07_4,20.0,drums
Al James - Schoolboy Facination,openunmix_umxhq_4stem,bass,7.940580570006088,5.281147100557046,musdb_al_james_schoolboy_facination,Open-Unmix umxhq 4-stem,4stems,musdb_4stem,musdb18hq_from_07_4,20.0,bass
Al James - Schoolboy Facination,openunmix_umxhq_4stem,other,-3.780059720044145,-4.31109872110019,musdb_al_james_schoolboy_facination,Open-Unmix umxhq 4-stem,4stems,musdb_4stem,musdb18hq_from_07_4,20.0,other
Al James - Schoolboy Facination,openunmix_umxhq_4stem,vocals,6.720569258919966,5.444622119223732,musdb_al_james_schoolboy_facination,Open-Unmix umxhq 4-stem,4stems,vocals_accompaniment_2stem,musdb18hq_from_07_4,20.0,vocals
Al James - Schoolboy Facination,openunmix_umxhq_4stem,accompaniment,5.535244735207422,5.126217411497251,musdb_al_james_schoolboy_facination,Open-Unmix umxhq 4-stem,4stems,vocals_accompaniment_2stem,musdb18hq_from_07_4,20.0,drums;bass;other
Al James - Schoolboy Facination,torchaudio_hdemucs_high_musdb_plus,vocals,8.987917648243801,8.701187707690673,musdb_al_james_schoolboy_facination,Torchaudio HDemucs High MUSDB+,4stems,musdb_4stem,musdb18hq_from_07_4,20.0,vocals
Al James - Schoolboy Facination,torchaudio_hdemucs_high_musdb_plus,drums,6.6409008712252735,5.744255230340843,musdb_al_james_schoolboy_facination,Torchaudio HDemucs High MUSDB+,4stems,musdb_4stem,musdb18hq_from_07_4,20.0,drums
Al James - Schoolboy Facination,torchaudio_hdemucs_high_musdb_plus,bass,14.480476150442687,14.146144077537478,musdb_al_james_schoolboy_facination,Torchaudio HDemucs High MUSDB+,4stems,musdb_4stem,musdb18hq_from_07_4,20.0,bass
Al James - Schoolboy Facination,torchaudio_hdemucs_high_musdb_plus,other,0.007198581798407218,-0.6511762552332244,musdb_al_james_schoolboy_facination,Torchaudio HDemucs High MUSDB+,4stems,musdb_4stem,musdb18hq_from_07_4,20.0,other
Al James - Schoolboy Facination,torchaudio_hdemucs_high_musdb_plus,vocals,8.987917648243801,8.701187707690673,musdb_al_james_schoolboy_facination,Torchaudio HDemucs High MUSDB+,4stems,vocals_accompaniment_2stem,musdb18hq_from_07_4,20.0,vocals
Al James - Schoolboy Facination,torchaudio_hdemucs_high_musdb_plus,accompaniment,8.988102587503398,8.059845244223657,musdb_al_james_schoolboy_facination,Torchaudio HDemucs High MUSDB+,4stems,vocals_accompaniment_2stem,musdb18hq_from_07_4,20.0,drums;bass;other
