"audio_pair","overall_music_similarity","cultural_similarity","recommendation_level","overall_music_similarity_annotations","cultural_similarity_annotations","recommendation_level_annotations","num_annotators"
"1_1-1_2","0.26","0.26","0.12","[0.534, 0.0]","[0.534, 0.0]","[0.249, 0.0]","2"
"1_1-2_19","0.21","0.21","0.21","[0.151, 0.466, 0.006]","[0.437, 0.18, 0.006]","[0.437, 0.18, 0.006]","3"
"1_1-2_26","0.30","0.20","0.35","[0.649, 0.134, 0.114]","[0.363, 0.134, 0.114]","[0.649, 0.134, 0.257]","3"
"1_1-3_2","0.82","0.67","0.82","[0.866, 0.766]","[0.58, 0.766]","[0.866, 0.766]","2"
"1_1-3_51","0.42","0.31","0.53","[0.171, 0.523, 0.449, 0.534]","[0.171, 0.38, 0.734, 0.0]","[0.171, 0.38, 0.734, 0.82]","4"
"1_1-4_13","0.33","0.24","0.21","[0.477, 0.209, 0.351, 0.471, 0.123]","[0.191, 0.209, 0.351, 0.329, 0.123]","[0.191, 0.209, 0.209, 0.329, 0.123]","5"
"1_1-4_8","0.35","0.35","0.35","[0.351]","[0.351]","[0.351]","1"
"1_1-5_34","0.32","0.04","0.61","[0.323]","[0.037]","[0.609]","1"
"1_1-6_24","0.83","0.00","0.26","[0.829]","[0.0]","[0.257]","1"
"1_1-6_53","0.18","0.32","0.18","[0.18]","[0.323]","[0.18]","1"
"1_1-7_1","0.33","0.33","0.33","[0.329]","[0.329]","[0.329]","1"
"1_1-7_32","0.45","0.31","0.24","[0.18, 0.723]","[0.18, 0.437]","[0.18, 0.294]","2"
"1_1-8_15","0.13","0.05","0.34","[0.051, 0.2]","[0.051, 0.057]","[0.051, 0.629]","2"
"1_1-9_8","0.18","0.18","0.18","[0.177]","[0.177]","[0.177]","1"
"1_10-3_10","0.57","0.14","0.71","[0.571]","[0.143]","[0.714]","1"
"1_10-4_20","0.14","0.14","0.14","[0.143]","[0.143]","[0.143]","1"
"1_10-5_2","0.01","0.01","0.01","[0.006]","[0.006]","[0.006]","1"
"1_10-6_1","0.12","0.12","0.12","[0.12]","[0.12]","[0.12]","1"
"1_10-6_9","0.04","0.04","0.04","[0.043]","[0.043]","[0.043]","1"
"1_10-7_21","0.22","0.08","0.08","[0.223]","[0.08]","[0.08]","1"
"1_10-7_26","0.18","0.18","0.18","[0.18]","[0.18]","[0.18]","1"
"1_11-3_17","0.14","0.14","0.14","[0.143]","[0.143]","[0.143]","1"
"1_11-3_21","0.34","0.49","0.63","[0.343]","[0.486]","[0.629]","1"
"1_11-5_50","0.09","0.09","0.23","[0.091]","[0.091]","[0.234]","1"
"1_11-8_28","0.20","0.20","0.20","[0.2]","[0.2]","[0.2]","1"
"1_11-9_35","0.17","0.03","0.03","[0.171]","[0.029]","[0.029]","1"
"1_12-2_17","0.95","0.95","0.66","[0.949]","[0.949]","[0.663]","1"
"1_12-2_51","0.58","1.00","0.72","[0.58]","[1.0]","[0.723]","1"
"1_12-7_39","0.52","0.23","0.23","[0.52]","[0.234]","[0.234]","1"
"1_12-9_15","0.23","0.37","0.23","[0.229]","[0.371]","[0.229]","1"
"1_13-3_41","0.71","1.00","0.57","[0.714]","[1.0]","[0.571]","1"
"1_13-4_46","0.27","0.41","0.27","[0.266]","[0.409]","[0.266]","1"
"1_13-5_41","0.32","0.89","0.04","[0.323]","[0.894]","[0.037]","1"
"1_13-5_46","0.28","0.28","0.14","[0.28]","[0.28]","[0.137]","1"
"1_13-5_54","0.22","0.22","0.08","[0.223]","[0.223]","[0.08]","1"
"1_13-6_29","0.01","0.00","0.00","[0.014]","[0.0]","[0.0]","1"
"1_13-6_32","0.05","0.05","0.05","[0.051]","[0.051]","[0.051]","1"
"1_14-2_50","0.12","0.26","0.12","[0.12]","[0.263]","[0.12]","1"
"1_14-4_20","0.14","0.14","0.14","[0.143]","[0.143]","[0.143]","1"
"1_14-6_27","0.08","0.08","0.08","[0.08]","[0.08]","[0.08]","1"
"1_14-7_35","0.18","0.04","0.04","[0.18]","[0.037]","[0.037]","1"
"1_14-8_16","0.03","0.03","0.18","[0.034]","[0.034]","[0.177]","1"
"1_14-8_26","0.00","0.00","0.00","[0.0]","[0.0]","[0.0]","1"
"1_15-1_45","0.77","0.20","0.20","[0.771]","[0.2]","[0.2]","1"
"1_15-4_40","0.15","0.15","0.15","[0.151]","[0.151]","[0.151]","1"
"1_15-8_13","0.42","0.14","0.28","[0.423]","[0.137]","[0.28]","1"
"1_15-9_5","0.35","0.35","0.35","[0.351]","[0.351]","[0.351]","1"
"1_16-8_36","0.53","0.39","0.11","[0.534]","[0.391]","[0.106]","1"
"1_16-8_40","0.04","0.04","0.04","[0.037]","[0.037]","[0.037]","1"
"1_18-5_29","0.00","0.00","0.00","[0.0]","[0.0]","[0.0]","1"
"1_18-5_31","0.27","0.56","0.41","[0.271]","[0.557]","[0.414]","1"
"1_18-6_36","0.15","0.15","0.15","[0.151]","[0.151]","[0.151]","1"
"1_19-2_2","0.29","0.71","0.43","[0.286]","[0.714]","[0.429]","1"
"1_19-3_15","0.25","0.25","0.25","[0.249]","[0.249]","[0.249]","1"
"1_19-3_26","0.34","0.19","0.34","[0.337]","[0.194]","[0.337]","1"
"1_19-3_43","0.41","0.56","0.56","[0.414]","[0.557]","[0.557]","1"
"1_19-5_29","0.03","0.18","0.18","[0.034]","[0.177]","[0.177]","1"
"1_19-6_3","0.00","0.00","0.00","[0.0]","[0.0]","[0.0]","1"
"1_19-9_31","0.22","0.22","0.22","[0.22]","[0.22]","[0.22]","1"
"1_2-2_26","0.64","0.83","0.92","[0.771, 0.723, 0.42]","[1.0, 1.0, 0.277]","[0.914, 0.866, 0.991]","3"
"1_2-3_2","0.58","0.72","0.44","[0.58]","[0.723]","[0.437]","1"
"1_2-3_51","0.63","0.49","0.60","[0.751, 0.423, 0.7, 0.651]","[0.466, 0.28, 0.414, 0.794]","[0.466, 0.423, 1.0, 0.366]","4"
"1_2-4_13","0.42","0.28","0.13","[0.42]","[0.277]","[0.134]","1"
"1_2-4_8","0.43","0.14","0.43","[0.429]","[0.143]","[0.429]","1"
"1_2-5_22","0.04","0.04","0.04","[0.043]","[0.043]","[0.043]","1"
"1_2-5_34","0.52","0.45","0.52","[0.32, 0.729]","[0.034, 0.871]","[0.177, 0.871]","2"
"1_2-6_53","0.36","0.07","0.22","[0.629, 0.091]","[0.057, 0.091]","[0.343, 0.091]","2"
"1_2-7_1","0.14","0.21","0.07","[0.271, 0.006]","[0.414, 0.006]","[0.129, 0.006]","2"
"1_2-7_32","0.39","0.18","0.46","[0.194, 0.591]","[0.194, 0.163]","[0.194, 0.734]","2"
"1_2-8_15","0.19","0.19","0.62","[0.191]","[0.191]","[0.62]","1"
"1_2-8_5","0.13","0.13","0.13","[0.129]","[0.129]","[0.129]","1"
"1_2-9_22","0.61","0.33","0.33","[0.614]","[0.329]","[0.329]","1"
"1_20-2_15","0.14","0.29","0.14","[0.143]","[0.286]","[0.143]","1"
"1_20-2_49","0.22","0.22","0.00","[0.22]","[0.22]","[0.0]","1"
"1_20-5_43","0.11","0.00","0.11","[0.106]","[0.0]","[0.106]","1"
"1_20-6_15","0.61","0.18","0.75","[0.606]","[0.177]","[0.749]","1"
"1_20-8_14","0.00","0.00","0.00","[0.0]","[0.0]","[0.0]","1"
"1_20-8_18","0.19","0.19","0.04","[0.186]","[0.186]","[0.043]","1"
"1_20-8_39","0.22","0.22","0.22","[0.22]","[0.22]","[0.22]","1"
"1_20-9_13","0.13","0.13","0.13","[0.134]","[0.134]","[0.134]","1"
"1_21-3_48","0.19","0.19","0.62","[0.191]","[0.191]","[0.62]","1"
"1_21-7_12","0.18","0.18","0.18","[0.18]","[0.18]","[0.18]","1"
"1_21-7_54","0.65","0.22","0.08","[0.649]","[0.22]","[0.077]","1"
"1_21-9_50","0.33","0.19","0.04","[0.329]","[0.186]","[0.043]","1"
"1_22-6_29","0.31","0.46","0.17","[0.314]","[0.457]","[0.171]","1"
"1_22-7_7","0.32","0.32","0.03","[0.32]","[0.32]","[0.034]","1"
"1_22-9_32","0.47","0.33","0.33","[0.471]","[0.329]","[0.329]","1"
"1_23-4_44","0.19","0.19","0.05","[0.194]","[0.194]","[0.051]","1"
"1_23-5_18","0.18","0.18","0.18","[0.18]","[0.18]","[0.18]","1"
"1_23-5_41","0.47","0.33","0.47","[0.471]","[0.329]","[0.471]","1"
"1_23-6_1","0.18","0.32","0.32","[0.177]","[0.32]","[0.32]","1"
"1_23-6_35","0.74","0.60","1.00","[0.743]","[0.6]","[1.0]","1"
"1_23-7_16","0.70","0.56","0.84","[0.7]","[0.557]","[0.843]","1"
"1_23-8_54","0.29","0.29","0.29","[0.294]","[0.294]","[0.294]","1"
"1_24-4_12","0.33","0.33","0.33","[0.329]","[0.329]","[0.329]","1"
"1_24-7_44","0.13","0.13","0.13","[0.134]","[0.134]","[0.134]","1"
"1_24-8_4","0.23","0.23","0.23","[0.229]","[0.229]","[0.229]","1"
"1_24-8_46","0.23","0.23","0.23","[0.229]","[0.229]","[0.229]","1"
"1_25-1_50","1.00","1.00","1.00","[1.0]","[1.0]","[1.0]","1"
"1_25-2_31","0.33","0.33","0.33","[0.329]","[0.329]","[0.329]","1"
"1_25-5_10","0.21","0.21","0.21","[0.209]","[0.209]","[0.209]","1"
"1_25-8_21","0.29","0.29","0.29","[0.294]","[0.294]","[0.294]","1"
"1_26-5_18","0.18","0.18","0.18","[0.18]","[0.18]","[0.18]","1"
"1_26-8_21","0.04","0.04","0.04","[0.043]","[0.043]","[0.043]","1"
"1_27-1_35","0.13","0.28","0.13","[0.134]","[0.277]","[0.134]","1"
"1_27-7_12","0.00","0.00","0.00","[0.0]","[0.0]","[0.0]","1"
"1_27-7_23","0.31","0.03","0.74","[0.314]","[0.029]","[0.743]","1"
"1_28-1_43","0.32","0.03","0.18","[0.32]","[0.034]","[0.177]","1"
"1_28-2_47","0.27","0.13","0.13","[0.271]","[0.129]","[0.129]","1"
"1_29-3_15","0.18","0.18","0.18","[0.18]","[0.18]","[0.18]","1"
"1_29-3_32","0.57","0.42","0.28","[0.566]","[0.423]","[0.28]","1"
"1_29-6_1","0.37","0.22","0.00","[0.366]","[0.223]","[0.0]","1"
"1_29-8_53","0.26","0.12","0.12","[0.263]","[0.12]","[0.12]","1"
"1_29-8_8","0.37","0.37","0.23","[0.371]","[0.371]","[0.229]","1"
"1_29-9_48","0.32","0.32","0.03","[0.32]","[0.32]","[0.034]","1"
"1_29-9_49","0.00","0.00","0.00","[0.0]","[0.0]","[0.0]","1"
"1_3-1_41","0.17","0.74","0.46","[0.171]","[0.743]","[0.457]","1"
"1_3-2_20","1.00","1.00","0.99","[1.0]","[1.0]","[0.986]","1"
"1_3-2_47","0.23","0.23","0.23","[0.229]","[0.229]","[0.229]","1"
"1_3-4_47","0.00","0.13","0.00","[0.0]","[0.129]","[0.0]","1"
"1_3-8_53","0.20","0.20","0.20","[0.2]","[0.2]","[0.2]","1"
"1_3-8_54","0.12","0.12","0.41","[0.12]","[0.12]","[0.406]","1"
"1_30-4_28","0.13","0.42","0.28","[0.134]","[0.42]","[0.277]","1"
"1_30-4_39","0.00","0.00","0.00","[0.0]","[0.0]","[0.0]","1"
"1_30-7_21","0.28","0.28","0.28","[0.28]","[0.28]","[0.28]","1"
"1_30-7_8","0.42","0.14","0.28","[0.423]","[0.137]","[0.28]","1"
"1_31-2_49","0.14","0.14","0.00","[0.137]","[0.137]","[0.0]","1"
"1_31-4_15","0.27","0.27","0.27","[0.266]","[0.266]","[0.266]","1"
"1_31-5_13","0.13","0.13","0.13","[0.134]","[0.134]","[0.134]","1"
"1_31-7_47","0.21","0.21","0.21","[0.209]","[0.209]","[0.209]","1"
"1_31-8_17","0.14","0.14","0.14","[0.143]","[0.143]","[0.143]","1"
"1_32-2_9","0.13","0.56","0.13","[0.129]","[0.557]","[0.129]","1"
"1_32-6_52","0.04","0.04","0.04","[0.043]","[0.043]","[0.043]","1"
"1_32-7_3","0.11","0.11","0.11","[0.109]","[0.109]","[0.109]","1"
"1_32-7_39","0.20","0.20","0.20","[0.2]","[0.2]","[0.2]","1"
"1_32-7_49","0.61","0.33","0.33","[0.614]","[0.329]","[0.329]","1"
"1_32-8_50","0.51","0.51","0.51","[0.506]","[0.506]","[0.506]","1"
"1_32-9_36","0.52","0.09","0.00","[0.52]","[0.091]","[0.0]","1"
"1_33-7_16","0.00","0.00","0.22","[0.0]","[0.0]","[0.22]","1"
"1_33-8_33","0.19","0.19","0.19","[0.194]","[0.194]","[0.194]","1"
"1_33-9_11","0.00","0.00","0.00","[0.0]","[0.0]","[0.0]","1"
"1_34-2_53","0.13","0.28","0.13","[0.134]","[0.277]","[0.134]","1"
"1_34-5_50","0.12","0.12","0.12","[0.12]","[0.12]","[0.12]","1"
"1_34-7_44","0.32","0.03","0.03","[0.32]","[0.034]","[0.034]","1"
"1_35-3_24","0.06","0.49","0.63","[0.057]","[0.486]","[0.629]","1"
"1_35-3_7","0.18","0.75","0.18","[0.18]","[0.751]","[0.18]","1"
"1_35-5_10","0.89","0.47","1.00","[0.894]","[0.466]","[1.0]","1"
"1_35-7_12","0.20","0.20","0.20","[0.2]","[0.2]","[0.2]","1"
"1_37-3_32","0.00","0.00","0.00","[0.0]","[0.0]","[0.0]","1"
"1_37-4_3","0.13","0.13","0.13","[0.134]","[0.134]","[0.134]","1"
"1_37-5_10","0.62","0.19","0.77","[0.623]","[0.194]","[0.766]","1"
"1_37-5_50","0.67","0.52","0.52","[0.666]","[0.523]","[0.523]","1"
"1_37-7_15","0.41","0.27","0.27","[0.414]","[0.271]","[0.271]","1"
"1_37-7_16","0.14","0.14","0.29","[0.143]","[0.143]","[0.286]","1"
"1_37-8_43","0.39","0.39","0.39","[0.386]","[0.386]","[0.386]","1"
"1_37-9_43","0.17","0.46","0.03","[0.171]","[0.457]","[0.029]","1"
"1_37-9_49","0.29","0.29","0.29","[0.294]","[0.294]","[0.294]","1"
"1_38-2_48","0.13","0.13","0.13","[0.129]","[0.129]","[0.129]","1"
"1_38-2_53","0.34","0.19","0.34","[0.337]","[0.194]","[0.337]","1"
"1_38-4_16","0.17","0.31","0.60","[0.171]","[0.314]","[0.6]","1"
"1_39-1_4","0.33","0.33","0.19","[0.334]","[0.334]","[0.191]","1"
"1_39-4_40","0.21","0.21","0.21","[0.209]","[0.209]","[0.209]","1"
"1_39-6_40","0.32","0.61","0.03","[0.32]","[0.606]","[0.034]","1"
"1_39-6_46","0.46","0.18","0.18","[0.463]","[0.177]","[0.177]","1"
"1_39-7_25","0.23","0.09","0.00","[0.234]","[0.091]","[0.0]","1"
"1_39-8_10","0.11","0.11","0.25","[0.106]","[0.106]","[0.249]","1"
"1_4-2_6","0.31","0.74","0.31","[0.314]","[0.743]","[0.314]","1"
"1_4-3_35","0.27","0.27","0.27","[0.271]","[0.271]","[0.271]","1"
"1_4-5_28","0.09","0.23","0.23","[0.086]","[0.229]","[0.229]","1"
"1_4-6_11","0.32","0.18","0.18","[0.323]","[0.18]","[0.18]","1"
"1_4-6_13","0.04","0.04","0.04","[0.037]","[0.037]","[0.037]","1"
"1_40-6_52","0.42","0.56","0.28","[0.42]","[0.563]","[0.277]","1"
"1_40-9_7","0.02","0.17","0.02","[0.023]","[0.166]","[0.023]","1"
"1_41-1_45","0.87","0.87","0.58","[0.866]","[0.866]","[0.58]","1"
"1_41-8_44","0.54","0.39","0.39","[0.537]","[0.394]","[0.394]","1"
"1_42-2_13","0.35","0.35","0.21","[0.351]","[0.351]","[0.209]","1"
"1_42-6_32","0.89","1.00","1.00","[0.891]","[1.0]","[1.0]","1"
"1_42-7_41","0.56","0.13","0.56","[0.557]","[0.129]","[0.557]","1"
"1_42-8_24","0.47","0.47","0.47","[0.466]","[0.466]","[0.466]","1"
"1_43-2_34","0.16","0.44","0.01","[0.157]","[0.443]","[0.014]","1"
"1_43-3_36","0.88","0.88","0.73","[0.877]","[0.877]","[0.734]","1"
"1_43-6_27","0.40","0.26","0.26","[0.4]","[0.257]","[0.257]","1"
"1_43-6_50","0.24","0.09","0.09","[0.237]","[0.094]","[0.094]","1"
"1_43-9_14","0.11","0.11","0.11","[0.106]","[0.106]","[0.106]","1"
"1_43-9_41","0.21","0.21","0.21","[0.206]","[0.206]","[0.206]","1"
"1_44-2_51","0.08","1.00","0.08","[0.08]","[1.0]","[0.08]","1"
"1_44-6_43","0.21","0.21","0.35","[0.206]","[0.206]","[0.349]","1"
"1_44-7_39","0.01","0.01","0.01","[0.006]","[0.006]","[0.006]","1"
"1_44-8_33","0.00","0.00","0.00","[0.0]","[0.0]","[0.0]","1"
"1_44-8_6","0.03","0.03","0.03","[0.034]","[0.034]","[0.034]","1"
"1_45-3_43","0.37","0.37","0.80","[0.371]","[0.371]","[0.8]","1"
"1_45-7_27","0.11","0.11","0.39","[0.106]","[0.106]","[0.391]","1"
"1_45-9_37","0.28","0.56","0.42","[0.277]","[0.563]","[0.42]","1"
"1_46-3_17","0.01","0.30","0.01","[0.014]","[0.3]","[0.014]","1"
"1_46-3_32","0.04","0.04","0.04","[0.043]","[0.043]","[0.043]","1"
"1_46-3_43","0.17","0.17","0.17","[0.171]","[0.171]","[0.171]","1"
"1_46-3_46","0.33","0.04","0.19","[0.329]","[0.043]","[0.186]","1"
"1_46-7_53","0.32","0.18","0.32","[0.32]","[0.177]","[0.32]","1"
"1_46-9_30","0.33","0.33","0.33","[0.329]","[0.329]","[0.329]","1"
"1_48-1_50","0.13","0.70","0.13","[0.129]","[0.7]","[0.129]","1"
"1_48-7_33","0.53","0.25","0.25","[0.534]","[0.249]","[0.249]","1"
"1_48-7_9","0.13","0.13","0.13","[0.134]","[0.134]","[0.134]","1"
"1_48-8_23","0.27","0.27","0.27","[0.271]","[0.271]","[0.271]","1"
"1_48-9_35","0.00","0.00","0.00","[0.0]","[0.0]","[0.0]","1"
"1_48-9_45","0.15","0.15","0.15","[0.151]","[0.151]","[0.151]","1"
"1_49-1_6","0.66","0.80","0.80","[0.657]","[0.8]","[0.8]","1"
"1_49-2_29","0.00","0.38","0.00","[0.0]","[0.38]","[0.0]","1"
"1_5-8_3","0.77","0.77","0.77","[0.766]","[0.766]","[0.766]","1"
"1_50-4_21","0.37","0.51","0.37","[0.371]","[0.514]","[0.371]","1"
"1_50-5_17","0.01","0.01","0.01","[0.006]","[0.006]","[0.006]","1"
"1_50-7_52","0.20","0.20","0.20","[0.2]","[0.2]","[0.2]","1"
"1_50-9_14","0.26","0.11","0.11","[0.257]","[0.114]","[0.114]","1"
"1_51-4_15","0.53","0.00","0.82","[0.534]","[0.0]","[0.82]","1"
"1_51-4_28","0.33","0.19","0.19","[0.334]","[0.191]","[0.191]","1"
"1_51-8_29","0.31","0.31","0.31","[0.314]","[0.314]","[0.314]","1"
"1_51-8_48","0.28","0.28","0.28","[0.28]","[0.28]","[0.28]","1"
"1_51-8_53","0.07","0.07","0.00","[0.066]","[0.066]","[0.0]","1"
"1_52-8_17","0.22","0.22","0.22","[0.22]","[0.22]","[0.22]","1"
"1_53-4_3","0.29","0.01","0.15","[0.291]","[0.006]","[0.149]","1"
"1_53-5_33","0.00","0.00","0.00","[0.0]","[0.0]","[0.0]","1"
"1_53-5_40","0.00","0.00","0.00","[0.0]","[0.0]","[0.0]","1"
"1_54-2_47","0.28","0.57","0.14","[0.28]","[0.566]","[0.137]","1"
"1_54-3_31","0.19","0.19","0.62","[0.191]","[0.191]","[0.62]","1"
"1_54-6_19","0.21","0.21","0.21","[0.209]","[0.209]","[0.209]","1"
"1_54-8_23","0.28","0.14","0.14","[0.28]","[0.137]","[0.137]","1"
"1_54-8_38","0.39","0.25","0.53","[0.391]","[0.249]","[0.534]","1"
"1_54-9_6","0.11","0.54","0.00","[0.114]","[0.543]","[0.0]","1"
"1_6-3_42","0.14","0.14","0.14","[0.143]","[0.143]","[0.143]","1"
"1_6-7_42","0.09","0.00","0.00","[0.094]","[0.0]","[0.0]","1"
"1_7-2_44","0.86","1.00","1.00","[0.863]","[1.0]","[1.0]","1"
"1_7-3_20","0.13","0.13","0.13","[0.129]","[0.129]","[0.129]","1"
"1_7-3_39","0.00","0.00","0.26","[0.0]","[0.0]","[0.257]","1"
"1_7-7_5","0.33","0.33","0.33","[0.329]","[0.329]","[0.329]","1"
"1_7-9_54","0.61","0.33","0.33","[0.614]","[0.329]","[0.329]","1"
"1_8-3_46","0.00","0.00","0.00","[0.0]","[0.0]","[0.0]","1"
"1_8-7_45","0.00","0.00","0.00","[0.0]","[0.0]","[0.0]","1"
"1_8-8_37","0.01","0.01","0.01","[0.006]","[0.006]","[0.006]","1"
"1_9-6_26","0.62","0.77","0.62","[0.623]","[0.766]","[0.623]","1"
"1_9-6_4","0.18","0.18","0.18","[0.18]","[0.18]","[0.18]","1"
"1_9-9_26","0.06","0.06","0.00","[0.063]","[0.063]","[0.0]","1"
"2_1-2_30","1.00","1.00","1.00","[1.0]","[1.0]","[1.0]","1"
"2_1-8_24","0.51","0.37","0.22","[0.509]","[0.366]","[0.223]","1"
"2_1-9_32","0.26","0.26","0.26","[0.257]","[0.257]","[0.257]","1"
"2_1-9_48","0.06","0.00","0.00","[0.057]","[0.0]","[0.0]","1"
"2_10-3_14","0.43","0.14","0.00","[0.429]","[0.143]","[0.0]","1"
"2_10-4_25","0.18","0.18","0.04","[0.18]","[0.18]","[0.037]","1"
"2_10-9_11","0.04","0.04","0.18","[0.037]","[0.037]","[0.18]","1"
"2_10-9_13","0.32","0.18","0.18","[0.323]","[0.18]","[0.18]","1"
"2_10-9_47","0.16","0.02","0.16","[0.163]","[0.02]","[0.163]","1"
"2_12-2_27","0.19","1.00","0.19","[0.191]","[1.0]","[0.191]","1"
"2_12-3_16","0.41","0.13","0.41","[0.414]","[0.129]","[0.414]","1"
"2_12-3_19","0.23","0.23","0.23","[0.229]","[0.229]","[0.229]","1"
"2_12-3_23","0.03","0.03","0.18","[0.034]","[0.034]","[0.177]","1"
"2_12-3_38","0.29","0.15","0.29","[0.294]","[0.151]","[0.294]","1"
"2_12-3_50","0.00","0.00","0.00","[0.0]","[0.0]","[0.0]","1"
"2_12-7_37","0.32","0.18","0.03","[0.32]","[0.177]","[0.034]","1"
"2_12-7_47","0.21","0.21","0.21","[0.209]","[0.209]","[0.209]","1"
"2_13-5_28","0.00","0.00","0.00","[0.0]","[0.0]","[0.0]","1"
"2_13-8_3","0.00","0.00","0.00","[0.0]","[0.0]","[0.0]","1"
"2_13-9_10","0.33","0.33","0.33","[0.329]","[0.329]","[0.329]","1"
"2_14-4_20","0.13","0.13","0.99","[0.129]","[0.129]","[0.986]","1"
"2_15-4_43","0.41","0.56","0.56","[0.414]","[0.557]","[0.557]","1"
"2_15-9_3","0.25","0.25","0.25","[0.249]","[0.249]","[0.249]","1"
"2_16-2_29","0.58","0.87","0.72","[0.58]","[0.866]","[0.723]","1"
"2_16-2_53","0.27","0.41","0.56","[0.271]","[0.414]","[0.557]","1"
"2_16-8_3","0.25","0.00","0.25","[0.249]","[0.0]","[0.249]","1"
"2_17-5_13","0.49","0.49","0.35","[0.494]","[0.494]","[0.351]","1"
"2_17-5_5","0.11","0.54","0.00","[0.114]","[0.543]","[0.0]","1"
"2_17-6_52","0.26","0.26","0.11","[0.257]","[0.257]","[0.114]","1"
"2_17-7_38","0.00","0.00","0.64","[0.0]","[0.0]","[0.643]","1"
"2_17-7_39","0.43","0.14","0.71","[0.429]","[0.143]","[0.714]","1"
"2_17-7_40","0.12","0.12","0.12","[0.123]","[0.123]","[0.123]","1"
"2_17-8_12","0.22","0.08","0.08","[0.223]","[0.08]","[0.08]","1"
"2_18-6_51","0.33","0.33","0.33","[0.329]","[0.329]","[0.329]","1"
"2_18-7_2","0.14","0.29","0.14","[0.143]","[0.286]","[0.143]","1"
"2_18-7_3","0.00","0.00","0.00","[0.0]","[0.0]","[0.0]","1"
"2_18-8_29","0.07","0.07","0.21","[0.071]","[0.071]","[0.214]","1"
"2_18-9_37","0.13","0.13","0.13","[0.129]","[0.129]","[0.129]","1"
"2_19-2_26","0.41","0.46","0.55","[0.151, 0.749, 0.323]","[0.151, 0.891, 0.323]","[0.437, 0.891, 0.323]","3"
"2_19-3_2","0.23","0.23","0.23","[0.229]","[0.229]","[0.229]","1"
"2_19-4_13","0.04","0.18","0.04","[0.037]","[0.18]","[0.037]","1"
"2_19-4_8","0.00","0.00","0.00","[0.0]","[0.0]","[0.0]","1"
"2_19-5_34","0.00","0.00","0.00","[0.0]","[0.0]","[0.0]","1"
"2_19-6_24","0.12","0.12","0.12","[0.123]","[0.123]","[0.123]","1"
"2_19-6_53","0.09","0.04","0.04","[0.08, 0.106, 0.086]","[0.08, 0.106, 0.0]","[0.08, 0.106, 0.0]","3"
"2_19-7_1","0.11","0.11","0.11","[0.106, 0.106]","[0.106, 0.106]","[0.106, 0.106]","2"
"2_19-7_32","0.17","0.17","0.17","[0.191, 0.386, 0.151, 0.18, 0.0]","[0.191, 0.386, 0.151, 0.18, 0.0]","[0.191, 0.386, 0.151, 0.18, 0.0]","5"
"2_19-8_15","0.24","0.29","0.34","[0.471, 0.129, 0.134]","[0.329, 0.414, 0.134]","[0.329, 0.557, 0.134]","3"
"2_19-8_5","0.02","0.02","0.02","[0.023]","[0.023]","[0.023]","1"
"2_19-9_22","0.00","0.00","0.00","[0.0]","[0.0]","[0.0]","1"
"2_19-9_8","0.27","0.00","0.12","[0.266]","[0.0]","[0.123]","1"
"2_2-5_16","0.48","0.48","0.19","[0.48]","[0.48]","[0.194]","1"
"2_21-5_7","0.11","0.11","0.11","[0.109]","[0.109]","[0.109]","1"
"2_21-6_52","0.51","0.51","0.51","[0.506]","[0.506]","[0.506]","1"
"2_21-7_16","0.25","0.11","0.11","[0.249]","[0.106]","[0.106]","1"
"2_23-2_4","0.11","0.11","0.54","[0.114]","[0.114]","[0.543]","1"
"2_23-6_39","0.13","0.13","0.13","[0.129]","[0.129]","[0.129]","1"
"2_23-7_8","0.28","0.28","0.28","[0.28]","[0.28]","[0.28]","1"
"2_23-8_38","0.18","0.18","0.18","[0.177]","[0.177]","[0.177]","1"
"2_23-8_47","0.04","0.18","0.75","[0.037]","[0.18]","[0.751]","1"
"2_23-9_44","0.17","0.03","0.03","[0.171]","[0.029]","[0.029]","1"
"2_23-9_53","0.01","0.58","0.15","[0.006]","[0.577]","[0.149]","1"
"2_24-4_33","0.03","0.03","0.17","[0.029]","[0.029]","[0.171]","1"
"2_25-6_21","0.38","0.38","0.38","[0.38]","[0.38]","[0.38]","1"
"2_26-3_2","0.18","0.18","0.18","[0.18]","[0.18]","[0.18]","1"
"2_26-3_51","0.19","0.04","0.19","[0.194, 0.177]","[0.051, 0.034]","[0.051, 0.32]","2"
"2_26-4_8","0.51","0.37","0.65","[0.509]","[0.366]","[0.651]","1"
"2_26-5_34","0.17","0.03","0.03","[0.171]","[0.029]","[0.029]","1"
"2_26-6_24","0.00","0.00","0.14","[0.0, 0.0, 0.28]","[0.0, 0.0, 0.137]","[0.0, 0.3, 0.28]","3"
"2_26-6_53","0.26","0.26","0.26","[0.257]","[0.257]","[0.257]","1"
"2_26-7_1","0.03","0.03","0.00","[0.034]","[0.034]","[0.0]","1"
"2_26-8_15","0.16","0.23","0.23","[0.043, 0.28]","[0.043, 0.423]","[0.043, 0.423]","2"
"2_26-8_5","0.31","0.41","0.17","[0.271, 0.177, 0.486]","[0.129, 0.32, 0.771]","[0.129, 0.177, 0.2]","3"
"2_26-9_22","0.15","0.15","0.15","[0.166, 0.143]","[0.166, 0.143]","[0.166, 0.143]","2"
"2_26-9_8","0.28","0.14","0.21","[0.271, 0.286]","[0.271, 0.0]","[0.271, 0.143]","2"
"2_27-2_35","0.35","0.35","0.49","[0.351]","[0.351]","[0.494]","1"
"2_27-4_16","0.23","0.23","0.23","[0.229]","[0.229]","[0.229]","1"
"2_27-7_16","0.08","0.22","0.08","[0.077]","[0.22]","[0.077]","1"
"2_27-7_53","0.00","0.16","0.16","[0.0]","[0.163]","[0.163]","1"
"2_28-3_42","0.04","0.04","0.32","[0.037]","[0.037]","[0.323]","1"
"2_28-3_43","0.11","0.11","0.11","[0.106]","[0.106]","[0.106]","1"
"2_28-3_48","0.39","0.39","0.39","[0.386]","[0.386]","[0.386]","1"
"2_28-5_38","0.27","0.27","0.27","[0.271]","[0.271]","[0.271]","1"
"2_28-5_52","0.49","0.07","0.21","[0.494]","[0.066]","[0.209]","1"
"2_28-6_43","0.00","0.00","0.00","[0.0]","[0.0]","[0.0]","1"
"2_28-6_5","0.19","0.19","0.19","[0.194]","[0.194]","[0.194]","1"
"2_28-7_51","0.08","0.08","0.08","[0.08]","[0.08]","[0.08]","1"
"2_29-4_14","0.51","0.51","0.51","[0.506]","[0.506]","[0.506]","1"
"2_29-4_46","0.14","0.14","0.14","[0.137]","[0.137]","[0.137]","1"
"2_29-5_30","0.40","0.26","0.11","[0.4]","[0.257]","[0.114]","1"
"2_29-5_37","0.03","0.03","0.03","[0.034]","[0.034]","[0.034]","1"
"2_29-7_38","0.33","0.33","0.61","[0.329]","[0.329]","[0.614]","1"
"2_29-9_31","0.00","0.00","0.00","[0.0]","[0.0]","[0.0]","1"
"2_3-3_7","0.32","0.32","0.18","[0.323]","[0.323]","[0.18]","1"
"2_3-4_30","0.07","0.07","0.07","[0.066]","[0.066]","[0.066]","1"
"2_3-6_27","0.01","0.01","0.01","[0.006]","[0.006]","[0.006]","1"
"2_3-8_21","0.03","0.03","0.03","[0.034]","[0.034]","[0.034]","1"
"2_3-8_46","0.14","0.14","0.14","[0.143]","[0.143]","[0.143]","1"
"2_30-2_46","0.26","0.26","0.26","[0.257]","[0.257]","[0.257]","1"
"2_30-3_30","0.32","0.32","0.32","[0.323]","[0.323]","[0.323]","1"
"2_30-3_42","0.32","0.18","0.32","[0.323]","[0.18]","[0.323]","1"
"2_30-4_21","0.00","0.00","0.00","[0.0]","[0.0]","[0.0]","1"
"2_30-4_25","0.13","0.13","0.13","[0.129]","[0.129]","[0.129]","1"
"2_30-4_37","0.14","0.14","0.14","[0.143]","[0.143]","[0.143]","1"
"2_30-6_33","0.01","0.01","0.01","[0.009]","[0.009]","[0.009]","1"
"2_30-7_28","0.22","0.08","0.08","[0.223]","[0.08]","[0.08]","1"
"2_30-8_10","0.19","0.05","0.05","[0.194]","[0.051]","[0.051]","1"
"2_31-2_41","0.68","0.96","0.53","[0.677]","[0.963]","[0.534]","1"
"2_31-4_54","0.71","0.13","0.13","[0.706]","[0.134]","[0.134]","1"
"2_32-4_46","0.45","0.73","0.02","[0.449]","[0.734]","[0.02]","1"
"2_32-7_6","0.01","0.01","0.01","[0.009]","[0.009]","[0.009]","1"
"2_32-8_8","0.13","0.13","0.13","[0.129]","[0.129]","[0.129]","1"
"2_33-4_7","0.32","0.32","0.32","[0.32]","[0.32]","[0.32]","1"
"2_33-8_32","0.69","0.27","0.41","[0.694]","[0.266]","[0.409]","1"
"2_34-6_3","0.13","0.13","0.13","[0.134]","[0.134]","[0.134]","1"
"2_34-7_22","0.21","0.21","0.21","[0.206]","[0.206]","[0.206]","1"
"2_34-8_28","0.22","0.08","0.08","[0.223]","[0.08]","[0.08]","1"
"2_35-4_45","0.44","0.72","0.44","[0.437]","[0.723]","[0.437]","1"
"2_35-4_46","0.27","0.27","0.27","[0.271]","[0.271]","[0.271]","1"
"2_35-5_41","0.13","0.13","0.13","[0.129]","[0.129]","[0.129]","1"
"2_35-5_51","0.51","0.65","0.22","[0.506]","[0.649]","[0.22]","1"
"2_35-7_16","0.19","0.19","0.19","[0.191]","[0.191]","[0.191]","1"
"2_36-6_40","0.00","0.00","0.00","[0.0]","[0.0]","[0.0]","1"
"2_36-7_17","0.33","0.33","0.33","[0.329]","[0.329]","[0.329]","1"
"2_36-7_28","0.61","0.61","0.18","[0.609]","[0.609]","[0.18]","1"
"2_36-7_53","0.22","0.08","0.08","[0.223]","[0.08]","[0.08]","1"
"2_37-8_17","0.32","0.32","0.32","[0.323]","[0.323]","[0.323]","1"
"2_37-8_41","0.41","0.70","0.13","[0.414]","[0.7]","[0.129]","1"
"2_38-4_4","0.39","0.39","0.39","[0.386]","[0.386]","[0.386]","1"
"2_38-5_16","0.04","0.04","0.04","[0.037]","[0.037]","[0.037]","1"
"2_38-5_40","0.12","0.12","0.12","[0.123]","[0.123]","[0.123]","1"
"2_38-7_17","0.72","0.00","0.00","[0.723]","[0.0]","[0.0]","1"
"2_38-8_12","0.13","0.13","0.13","[0.134]","[0.134]","[0.134]","1"
"2_38-8_49","0.08","0.08","0.08","[0.08]","[0.08]","[0.08]","1"
"2_39-3_39","0.04","0.04","0.04","[0.043]","[0.043]","[0.043]","1"
"2_39-3_5","0.29","0.01","0.01","[0.294]","[0.009]","[0.009]","1"
"2_39-5_31","0.22","0.22","0.22","[0.22]","[0.22]","[0.22]","1"
"2_39-8_29","0.00","0.00","0.00","[0.0]","[0.0]","[0.0]","1"
"2_4-5_16","0.07","0.07","0.07","[0.066]","[0.066]","[0.066]","1"
"2_4-6_7","0.27","0.27","0.27","[0.271]","[0.271]","[0.271]","1"
"2_4-7_12","0.38","0.09","0.09","[0.377]","[0.091]","[0.091]","1"
"2_40-2_49","0.17","0.31","0.89","[0.171]","[0.314]","[0.886]","1"
"2_40-3_23","0.29","0.29","0.29","[0.294]","[0.294]","[0.294]","1"
"2_40-3_28","0.29","0.29","0.29","[0.294]","[0.294]","[0.294]","1"
"2_40-3_40","0.00","0.00","0.20","[0.0]","[0.0]","[0.2]","1"
"2_40-4_33","1.00","1.00","1.00","[1.0]","[1.0]","[1.0]","1"
"2_40-4_4","0.33","0.19","0.62","[0.334]","[0.191]","[0.62]","1"
"2_41-5_25","0.03","0.03","0.03","[0.034]","[0.034]","[0.034]","1"
"2_41-5_41","0.23","0.23","0.09","[0.234]","[0.234]","[0.091]","1"
"2_41-6_25","0.26","0.26","0.26","[0.257]","[0.257]","[0.257]","1"
"2_41-7_10","0.11","0.11","0.11","[0.106]","[0.106]","[0.106]","1"
"2_41-8_28","0.47","0.33","0.33","[0.471]","[0.329]","[0.329]","1"
"2_41-8_32","0.48","0.19","0.19","[0.48]","[0.194]","[0.194]","1"
"2_42-4_21","0.25","0.25","0.39","[0.249]","[0.249]","[0.391]","1"
"2_42-7_23","0.29","0.29","0.29","[0.294]","[0.294]","[0.294]","1"
"2_42-8_14","0.28","0.28","0.28","[0.28]","[0.28]","[0.28]","1"
"2_42-9_21","0.08","0.08","0.08","[0.08]","[0.08]","[0.08]","1"
"2_43-4_35","0.07","0.00","0.07","[0.071]","[0.0]","[0.071]","1"
"2_43-4_47","0.00","0.00","0.00","[0.0]","[0.0]","[0.0]","1"
"2_43-9_2","0.01","0.43","0.01","[0.006]","[0.434]","[0.006]","1"
"2_44-4_43","0.36","0.36","0.22","[0.363]","[0.363]","[0.22]","1"
"2_44-4_48","0.16","0.59","0.16","[0.163]","[0.591]","[0.163]","1"
"2_44-5_15","0.37","0.37","0.37","[0.371]","[0.371]","[0.371]","1"
"2_44-9_4","0.14","0.14","0.00","[0.143]","[0.143]","[0.0]","1"
"2_45-3_45","0.21","0.21","0.07","[0.209]","[0.209]","[0.066]","1"
"2_45-3_7","0.47","0.33","0.33","[0.471]","[0.329]","[0.329]","1"
"2_45-5_25","0.14","0.14","0.14","[0.137]","[0.137]","[0.137]","1"
"2_45-8_53","0.08","0.37","0.00","[0.08]","[0.366]","[0.0]","1"
"2_46-2_53","0.23","0.23","0.23","[0.229]","[0.229]","[0.229]","1"
"2_46-3_12","0.08","0.08","0.08","[0.08]","[0.08]","[0.08]","1"
"2_46-3_44","0.32","0.03","0.03","[0.32]","[0.034]","[0.034]","1"
"2_46-4_25","0.32","0.32","0.32","[0.323]","[0.323]","[0.323]","1"
"2_46-8_7","0.11","0.11","0.11","[0.106]","[0.106]","[0.106]","1"
"2_47-3_43","0.17","0.17","0.46","[0.171]","[0.171]","[0.457]","1"
"2_47-7_22","0.00","0.00","0.00","[0.0]","[0.0]","[0.0]","1"
"2_47-8_11","0.14","0.29","0.00","[0.143]","[0.286]","[0.0]","1"
"2_47-9_27","0.01","0.58","0.01","[0.006]","[0.577]","[0.006]","1"
"2_48-3_46","0.17","0.89","0.00","[0.171]","[0.886]","[0.0]","1"
"2_48-6_28","0.29","0.29","0.29","[0.294]","[0.294]","[0.294]","1"
"2_48-8_14","0.11","0.11","0.11","[0.109]","[0.109]","[0.109]","1"
"2_48-9_30","0.03","0.03","0.03","[0.034]","[0.034]","[0.034]","1"
"2_49-3_29","0.44","0.15","0.29","[0.437]","[0.151]","[0.294]","1"
"2_49-3_38","0.61","0.61","0.90","[0.614]","[0.614]","[0.9]","1"
"2_49-3_8","0.32","0.32","0.32","[0.323]","[0.323]","[0.323]","1"
"2_49-9_32","0.14","0.42","0.28","[0.137]","[0.423]","[0.28]","1"
"2_50-4_20","0.14","0.14","0.14","[0.137]","[0.137]","[0.137]","1"
"2_50-4_30","0.02","0.02","0.02","[0.023]","[0.023]","[0.023]","1"
"2_50-7_45","0.27","0.27","0.27","[0.271]","[0.271]","[0.271]","1"
"2_50-7_48","0.01","0.16","0.01","[0.014]","[0.157]","[0.014]","1"
"2_50-9_2","0.18","0.18","0.03","[0.177]","[0.177]","[0.034]","1"
"2_50-9_25","0.29","0.15","0.15","[0.294]","[0.151]","[0.151]","1"
"2_51-3_33","0.63","0.49","0.91","[0.629]","[0.486]","[0.914]","1"
"2_51-8_19","0.21","0.07","0.00","[0.209]","[0.066]","[0.0]","1"
"2_51-8_53","0.28","0.14","0.14","[0.28]","[0.137]","[0.137]","1"
"2_51-9_32","0.28","0.28","0.28","[0.28]","[0.28]","[0.28]","1"
"2_52-4_4","0.22","0.22","0.22","[0.22]","[0.22]","[0.22]","1"
"2_52-5_5","0.47","0.61","0.61","[0.471]","[0.614]","[0.614]","1"
"2_52-6_6","0.18","0.47","0.18","[0.18]","[0.466]","[0.18]","1"
"2_52-9_46","0.18","0.18","0.18","[0.177]","[0.177]","[0.177]","1"
"2_53-3_20","0.18","0.18","0.18","[0.18]","[0.18]","[0.18]","1"
"2_53-7_38","0.22","0.22","0.36","[0.22]","[0.22]","[0.363]","1"
"2_53-8_1","0.47","0.32","0.18","[0.466]","[0.323]","[0.18]","1"
"2_54-3_23","0.02","0.02","0.02","[0.023]","[0.023]","[0.023]","1"
"2_6-7_13","0.00","0.00","0.00","[0.0]","[0.0]","[0.0]","1"
"2_7-3_36","0.18","0.18","0.18","[0.18]","[0.18]","[0.18]","1"
"2_7-7_49","0.00","0.08","0.00","[0.0]","[0.08]","[0.0]","1"
"2_7-9_4","0.14","0.14","0.00","[0.143]","[0.143]","[0.0]","1"
"2_8-3_33","0.51","0.22","0.37","[0.509]","[0.223]","[0.366]","1"
"2_8-8_34","0.21","0.21","0.21","[0.209]","[0.209]","[0.209]","1"
"2_9-3_47","0.04","0.04","0.04","[0.037]","[0.037]","[0.037]","1"
"2_9-5_6","0.33","0.33","0.33","[0.329]","[0.329]","[0.329]","1"
"2_9-9_46","0.06","0.34","0.34","[0.057]","[0.343]","[0.343]","1"
"2_9-9_5","0.28","0.28","0.28","[0.28]","[0.28]","[0.28]","1"
"3_1-4_41","0.41","0.41","0.12","[0.409]","[0.409]","[0.123]","1"
"3_10-3_52","1.00","1.00","1.00","[1.0]","[1.0]","[1.0]","1"
"3_10-6_48","0.41","0.84","0.70","[0.414]","[0.843]","[0.7]","1"
"3_10-7_47","0.23","0.23","0.23","[0.229]","[0.229]","[0.229]","1"
"3_12-7_20","0.23","0.23","0.51","[0.229]","[0.229]","[0.514]","1"
"3_12-8_6","0.14","0.57","0.85","[0.137]","[0.566]","[0.851]","1"
"3_12-9_43","0.46","0.03","0.18","[0.463]","[0.034]","[0.177]","1"
"3_13-3_26","0.71","0.13","0.42","[0.706]","[0.134]","[0.42]","1"
"3_13-5_33","0.49","0.49","0.91","[0.486]","[0.486]","[0.914]","1"
"3_13-6_3","0.86","0.86","0.86","[0.857]","[0.857]","[0.857]","1"
"3_13-6_31","0.82","0.25","0.11","[0.82]","[0.249]","[0.106]","1"
"3_13-8_42","0.59","0.31","0.88","[0.594]","[0.309]","[0.88]","1"
"3_14-6_41","0.71","0.13","0.28","[0.706]","[0.134]","[0.277]","1"
"3_14-6_42","0.33","0.19","0.62","[0.334]","[0.191]","[0.62]","1"
"3_14-7_2","0.34","0.77","0.77","[0.337]","[0.766]","[0.766]","1"
"3_15-4_1","0.61","0.47","0.61","[0.614]","[0.471]","[0.614]","1"
"3_15-6_6","0.17","0.17","0.17","[0.171]","[0.171]","[0.171]","1"
"3_15-7_45","0.69","0.27","0.27","[0.694]","[0.266]","[0.266]","1"
"3_15-8_29","0.14","0.14","0.42","[0.137]","[0.137]","[0.423]","1"
"3_15-9_42","0.26","0.11","0.00","[0.257]","[0.114]","[0.0]","1"
"3_16-5_24","0.47","0.33","0.47","[0.471]","[0.329]","[0.471]","1"
"3_16-8_12","0.15","0.01","0.01","[0.151]","[0.009]","[0.009]","1"
"3_17-9_51","0.21","0.21","0.21","[0.209]","[0.209]","[0.209]","1"
"3_18-8_48","0.37","0.51","0.51","[0.371]","[0.514]","[0.514]","1"
"3_18-9_40","0.27","0.27","0.27","[0.266]","[0.266]","[0.266]","1"
"3_19-3_22","0.75","1.00","0.89","[0.749]","[1.0]","[0.891]","1"
"3_19-4_42","0.47","0.18","0.89","[0.466]","[0.18]","[0.894]","1"
"3_19-5_41","0.00","0.13","0.84","[0.0]","[0.129]","[0.843]","1"
"3_2-3_51","0.80","1.00","1.00","[1.0, 0.666, 0.714]","[1.0, 0.951, 0.857]","[1.0, 0.951, 0.857]","3"
"3_2-4_13","0.02","0.09","0.02","[0.0, 0.043]","[0.0, 0.186]","[0.0, 0.043]","2"
"3_2-4_8","0.21","0.21","0.21","[0.206]","[0.206]","[0.206]","1"
"3_2-5_22","0.42","0.51","0.32","[0.534, 0.457, 0.257]","[0.677, 0.457, 0.4]","[0.534, 0.171, 0.257]","3"
"3_2-6_24","0.15","0.15","0.01","[0.149]","[0.149]","[0.006]","1"
"3_2-6_53","0.16","0.73","0.01","[0.157]","[0.729]","[0.014]","1"
"3_2-7_1","0.52","0.38","0.31","[0.651, 0.391]","[0.509, 0.249]","[0.509, 0.106]","2"
"3_2-7_32","0.30","0.40","0.54","[0.463, 0.18, 0.263]","[0.891, 0.18, 0.12]","[0.606, 0.894, 0.12]","3"
"3_2-8_15","0.32","0.18","0.32","[0.323]","[0.18]","[0.323]","1"
"3_2-8_5","0.28","0.42","0.42","[0.28]","[0.423]","[0.423]","1"
"3_2-9_22","0.24","0.24","0.33","[0.286, 0.209, 0.22]","[0.143, 0.209, 0.363]","[0.571, 0.209, 0.22]","3"
"3_20-5_37","0.68","0.11","0.11","[0.677]","[0.106]","[0.106]","1"
"3_20-9_45","0.06","0.06","0.06","[0.063]","[0.063]","[0.063]","1"
"3_21-8_1","1.00","0.61","0.32","[1.0]","[0.609]","[0.323]","1"
"3_22-6_16","0.42","0.28","0.42","[0.42]","[0.277]","[0.42]","1"
"3_22-9_27","0.27","0.27","0.41","[0.271]","[0.271]","[0.414]","1"
"3_23-8_25","0.40","0.54","0.54","[0.4]","[0.543]","[0.543]","1"
"3_24-5_32","0.74","0.17","0.88","[0.737]","[0.166]","[0.88]","1"
"3_24-9_13","0.29","0.29","0.44","[0.294]","[0.294]","[0.437]","1"
"3_26-6_30","0.17","0.17","0.17","[0.171]","[0.171]","[0.171]","1"
"3_26-6_36","0.27","0.41","0.41","[0.271]","[0.414]","[0.414]","1"
"3_27-4_22","0.15","0.44","0.01","[0.151]","[0.437]","[0.009]","1"
"3_27-6_47","0.02","0.02","0.02","[0.023]","[0.023]","[0.023]","1"
"3_27-8_2","0.88","0.73","1.00","[0.877]","[0.734]","[1.0]","1"
"3_27-9_43","0.21","0.21","0.21","[0.206]","[0.206]","[0.206]","1"
"3_28-3_39","0.37","0.66","0.66","[0.371]","[0.657]","[0.657]","1"
"3_28-3_9","0.92","1.00","0.92","[0.923, 0.92]","[1.0, 1.0]","[0.78, 1.0]","2"
"3_28-4_14","0.63","0.35","0.35","[0.634]","[0.349]","[0.349]","1"
"3_28-5_2","0.28","0.42","0.42","[0.277]","[0.42]","[0.42]","1"
"3_29-9_40","0.66","0.38","0.38","[0.663]","[0.377]","[0.377]","1"
"3_3-3_41","0.87","0.87","1.00","[0.871]","[0.871]","[1.0]","1"
"3_3-7_36","0.32","0.18","0.03","[0.32]","[0.177]","[0.034]","1"
"3_30-5_15","0.08","0.08","0.00","[0.077]","[0.077]","[0.0]","1"
"3_30-7_30","0.43","0.14","1.00","[0.429]","[0.143]","[1.0]","1"
"3_30-9_41","0.21","0.21","0.21","[0.206]","[0.206]","[0.206]","1"
"3_31-4_6","0.07","0.07","0.36","[0.071]","[0.071]","[0.357]","1"
"3_31-6_7","0.32","0.32","0.18","[0.323]","[0.323]","[0.18]","1"
"3_31-8_39","0.65","0.36","0.22","[0.649]","[0.363]","[0.22]","1"
"3_32-5_49","0.13","0.13","0.56","[0.129]","[0.129]","[0.557]","1"
"3_32-7_11","0.00","0.04","0.00","[0.0]","[0.043]","[0.0]","1"
"3_32-7_24","0.54","0.69","0.11","[0.543]","[0.686]","[0.114]","1"
"3_33-3_45","0.53","0.53","0.39","[0.534]","[0.534]","[0.391]","1"
"3_33-4_30","0.36","0.36","1.00","[0.357]","[0.357]","[1.0]","1"
"3_33-8_11","0.40","0.11","0.83","[0.4]","[0.114]","[0.829]","1"
"3_33-9_33","0.32","0.04","0.18","[0.323]","[0.037]","[0.18]","1"
"3_34-5_15","0.28","0.28","0.42","[0.28]","[0.28]","[0.423]","1"
"3_34-6_32","0.98","0.69","0.98","[0.977]","[0.691]","[0.977]","1"
"3_34-9_17","0.22","0.22","0.36","[0.22]","[0.22]","[0.363]","1"
"3_35-4_21","0.47","0.47","0.75","[0.466]","[0.466]","[0.751]","1"
"3_35-4_7","0.18","0.18","0.18","[0.18]","[0.18]","[0.18]","1"
"3_35-6_26","0.47","0.61","0.33","[0.471]","[0.614]","[0.329]","1"
"3_36-4_43","0.54","0.54","0.40","[0.543]","[0.543]","[0.4]","1"
"3_36-5_19","1.00","1.00","1.00","[1.0]","[1.0]","[1.0]","1"
"3_36-6_22","0.47","0.04","0.32","[0.466]","[0.037]","[0.323]","1"
"3_37-4_6","0.16","0.87","0.16","[0.157]","[0.871]","[0.157]","1"
"3_37-6_45","0.85","0.57","0.71","[0.851]","[0.566]","[0.709]","1"
"3_37-8_51","0.34","0.19","0.77","[0.337]","[0.194]","[0.766]","1"
"3_38-5_4","1.00","1.00","1.00","[1.0]","[1.0]","[1.0]","1"
"3_38-5_45","0.42","0.14","0.14","[0.423]","[0.137]","[0.137]","1"
"3_39-6_37","0.31","0.45","0.17","[0.309]","[0.451]","[0.166]","1"
"3_39-9_20","0.49","0.21","0.63","[0.491]","[0.206]","[0.634]","1"
"3_40-6_15","0.13","0.13","0.13","[0.134]","[0.134]","[0.134]","1"
"3_40-9_5","0.05","0.62","0.05","[0.051]","[0.623]","[0.051]","1"
"3_41-4_11","0.58","0.44","0.44","[0.58]","[0.437]","[0.437]","1"
"3_41-4_29","0.28","0.42","0.28","[0.28]","[0.423]","[0.28]","1"
"3_41-5_30","0.79","0.36","0.22","[0.791]","[0.363]","[0.22]","1"
"3_41-5_52","0.28","0.28","0.28","[0.28]","[0.28]","[0.28]","1"
"3_41-5_53","0.79","0.51","0.51","[0.794]","[0.509]","[0.509]","1"
"3_41-7_48","0.74","0.17","0.74","[0.737]","[0.166]","[0.737]","1"
"3_41-8_41","0.28","0.57","0.14","[0.28]","[0.566]","[0.137]","1"
"3_41-9_43","0.13","0.13","0.41","[0.129]","[0.129]","[0.414]","1"
"3_42-8_36","0.77","0.77","0.34","[0.766]","[0.766]","[0.337]","1"
"3_42-9_44","0.29","0.14","0.29","[0.286]","[0.143]","[0.286]","1"
"3_43-6_51","0.69","0.55","0.69","[0.694]","[0.551]","[0.694]","1"
"3_44-4_33","0.26","0.26","0.26","[0.263]","[0.263]","[0.263]","1"
"3_44-8_35","0.01","0.01","0.15","[0.009]","[0.009]","[0.151]","1"
"3_44-9_44","0.33","0.04","0.19","[0.329]","[0.043]","[0.186]","1"
"3_45-3_54","0.55","0.55","0.55","[0.551]","[0.551]","[0.551]","1"
"3_45-7_41","0.06","0.21","0.21","[0.063]","[0.206]","[0.206]","1"
"3_46-5_5","0.32","0.47","0.32","[0.323]","[0.466]","[0.323]","1"
"3_46-8_35","0.27","0.27","0.27","[0.271]","[0.271]","[0.271]","1"
"3_46-8_49","0.25","0.25","0.39","[0.249]","[0.249]","[0.391]","1"
"3_47-4_4","0.71","0.57","0.85","[0.709]","[0.566]","[0.851]","1"
"3_47-5_28","0.68","0.68","0.53","[0.677]","[0.677]","[0.534]","1"
"3_47-7_17","1.00","1.00","0.00","[1.0]","[1.0]","[0.0]","1"
"3_47-9_15","0.13","0.13","0.41","[0.129]","[0.129]","[0.414]","1"
"3_48-4_2","0.17","0.17","0.17","[0.166]","[0.166]","[0.166]","1"
"3_48-4_26","0.40","0.26","0.54","[0.4]","[0.257]","[0.543]","1"
"3_48-4_41","0.12","0.12","0.26","[0.12]","[0.12]","[0.263]","1"
"3_48-5_3","0.51","0.51","0.51","[0.506]","[0.506]","[0.506]","1"
"3_48-9_23","0.26","0.26","0.26","[0.257]","[0.257]","[0.257]","1"
"3_49-4_44","0.26","0.69","0.26","[0.257]","[0.686]","[0.257]","1"
"3_49-6_32","0.89","0.32","0.89","[0.894]","[0.323]","[0.894]","1"
"3_49-8_24","0.12","0.41","0.12","[0.12]","[0.406]","[0.12]","1"
"3_49-9_50","0.37","0.22","0.37","[0.366]","[0.223]","[0.366]","1"
"3_5-5_48","0.55","0.27","0.41","[0.551]","[0.266]","[0.409]","1"
"3_5-8_10","0.20","0.06","0.06","[0.2]","[0.057]","[0.057]","1"
"3_50-5_40","0.53","0.11","0.53","[0.534]","[0.106]","[0.534]","1"
"3_50-5_54","0.21","0.21","0.21","[0.206]","[0.206]","[0.206]","1"
"3_50-6_22","0.41","0.41","0.41","[0.409]","[0.409]","[0.409]","1"
"3_50-9_31","0.01","0.15","0.01","[0.006]","[0.149]","[0.006]","1"
"3_51-4_13","0.28","0.21","0.42","[0.191, 0.363]","[0.191, 0.22]","[0.62, 0.22]","2"
"3_51-4_8","0.56","0.71","0.56","[0.563]","[0.706]","[0.563]","1"
"3_51-5_22","0.50","0.57","0.43","[0.723, 0.271]","[0.437, 0.7]","[0.151, 0.7]","2"
"3_51-5_34","0.48","0.55","0.62","[0.251, 0.7]","[0.109, 0.986]","[0.251, 0.986]","2"
"3_51-6_24","0.55","0.27","0.41","[0.551]","[0.266]","[0.409]","1"
"3_51-7_1","0.14","0.29","0.14","[0.143]","[0.286]","[0.143]","1"
"3_51-7_32","0.28","0.00","0.28","[0.277]","[0.0]","[0.277]","1"
"3_51-8_15","0.15","0.15","0.15","[0.151]","[0.151]","[0.151]","1"
"3_51-8_5","0.90","0.76","1.00","[0.9]","[0.757]","[1.0]","1"
"3_51-9_22","0.49","0.35","0.49","[0.494]","[0.351]","[0.494]","1"
"3_51-9_8","0.11","0.11","0.11","[0.206, 0.006]","[0.206, 0.006]","[0.206, 0.006]","2"
"3_52-5_3","0.57","0.71","0.71","[0.566]","[0.709]","[0.709]","1"
"3_52-6_29","0.14","0.42","0.42","[0.137]","[0.423]","[0.423]","1"
"3_52-7_48","0.41","0.27","0.27","[0.409]","[0.266]","[0.266]","1"
"3_53-7_16","0.43","0.29","0.14","[0.429]","[0.286]","[0.143]","1"
"3_53-7_45","0.56","0.56","0.71","[0.563]","[0.563]","[0.706]","1"
"3_53-7_50","0.34","0.91","0.05","[0.337]","[0.909]","[0.051]","1"
"3_53-8_22","0.27","0.27","0.12","[0.266]","[0.266]","[0.123]","1"
"3_54-9_23","0.07","0.00","0.21","[0.071]","[0.0]","[0.214]","1"
"3_6-7_7","0.06","0.06","0.06","[0.057]","[0.057]","[0.057]","1"
"3_6-9_17","0.13","0.13","0.41","[0.129]","[0.129]","[0.414]","1"
"3_7-5_25","0.32","0.32","0.32","[0.323]","[0.323]","[0.323]","1"
"3_7-7_23","0.92","1.00","1.00","[0.92]","[1.0]","[1.0]","1"
"3_7-7_37","0.32","0.18","0.18","[0.32]","[0.177]","[0.177]","1"
"3_7-9_51","0.07","0.07","0.21","[0.071]","[0.071]","[0.214]","1"
"3_8-7_54","0.42","0.13","0.71","[0.42]","[0.134]","[0.706]","1"
"3_9-6_12","0.42","0.57","0.57","[0.423]","[0.566]","[0.566]","1"
"3_9-7_48","0.13","0.42","0.13","[0.134]","[0.42]","[0.134]","1"
"3_9-8_10","0.85","1.00","1.00","[0.849]","[1.0]","[1.0]","1"
"4_1-4_11","0.41","0.69","0.83","[0.406]","[0.691]","[0.834]","1"
"4_1-5_25","0.59","0.73","0.73","[0.591]","[0.734]","[0.734]","1"
"4_1-6_20","0.40","0.40","0.54","[0.4]","[0.4]","[0.543]","1"
"4_1-7_28","0.75","0.18","0.89","[0.751]","[0.18]","[0.894]","1"
"4_10-5_10","0.45","0.17","0.59","[0.451]","[0.166]","[0.594]","1"
"4_11-4_19","0.87","0.87","0.87","[0.866]","[0.866]","[0.866]","1"
"4_11-7_49","0.44","0.58","0.44","[0.437]","[0.58]","[0.437]","1"
"4_11-8_1","0.36","0.50","0.79","[0.357]","[0.5]","[0.786]","1"
"4_11-8_8","0.79","0.65","0.79","[0.791]","[0.649]","[0.791]","1"
"4_11-9_34","0.33","0.33","0.33","[0.329]","[0.329]","[0.329]","1"
"4_12-6_18","0.62","0.77","0.77","[0.623]","[0.766]","[0.766]","1"
"4_12-7_53","0.44","0.44","0.29","[0.437]","[0.437]","[0.294]","1"
"4_13-4_8","0.66","0.66","0.45","[0.78, 0.543]","[0.78, 0.543]","[0.78, 0.114]","2"
"4_13-5_22","0.58","0.58","0.58","[0.229, 0.937]","[0.229, 0.937]","[0.229, 0.937]","2"
"4_13-5_34","0.63","0.56","0.27","[0.649, 0.606]","[0.506, 0.606]","[0.506, 0.034]","2"
"4_13-6_24","0.75","0.70","0.70","[0.766, 0.666, 0.82]","[0.623, 0.666, 0.82]","[0.623, 0.666, 0.82]","3"
"4_13-6_53","0.80","0.80","0.88","[0.643, 0.966]","[0.786, 0.823]","[0.786, 0.966]","2"
"4_13-7_1","0.61","0.66","0.61","[0.649, 0.751, 0.423]","[0.791, 0.609, 0.566]","[0.791, 0.609, 0.423]","3"
"4_13-7_32","0.90","0.61","0.76","[0.9]","[0.614]","[0.757]","1"
"4_13-8_15","0.13","0.20","0.13","[0.12, 0.143]","[0.12, 0.286]","[0.12, 0.143]","2"
"4_13-9_22","0.40","0.18","0.18","[0.277, 0.52]","[0.134, 0.234]","[0.134, 0.234]","2"
"4_13-9_8","0.04","0.04","0.04","[0.037]","[0.037]","[0.037]","1"
"4_14-4_17","0.34","0.06","0.06","[0.343]","[0.057]","[0.057]","1"
"4_14-4_35","0.24","0.24","0.38","[0.237]","[0.237]","[0.38]","1"
"4_14-7_54","0.29","0.57","0.43","[0.286]","[0.571]","[0.429]","1"
"4_15-4_47","0.87","0.87","0.87","[0.866]","[0.866]","[0.866]","1"
"4_15-8_1","0.38","0.38","0.38","[0.38]","[0.38]","[0.38]","1"
"4_15-9_30","0.29","0.29","0.14","[0.286]","[0.286]","[0.143]","1"
"4_15-9_32","0.49","1.00","1.00","[0.494]","[1.0]","[1.0]","1"
"4_16-4_7","0.89","0.89","0.32","[0.891]","[0.891]","[0.32]","1"
"4_16-5_54","0.68","0.39","0.39","[0.68]","[0.394]","[0.394]","1"
"4_16-8_28","0.73","0.88","1.00","[0.734]","[0.877]","[1.0]","1"
"4_17-5_15","0.42","0.71","0.28","[0.42]","[0.706]","[0.277]","1"
"4_17-5_36","0.23","0.23","0.23","[0.229]","[0.229]","[0.229]","1"
"4_17-5_41","0.27","0.27","0.27","[0.271]","[0.271]","[0.271]","1"
"4_17-5_43","0.75","1.00","0.61","[0.749]","[1.0]","[0.606]","1"
"4_17-7_52","0.22","0.65","0.51","[0.22]","[0.649]","[0.506]","1"
"4_17-8_40","0.62","0.62","0.77","[0.623]","[0.623]","[0.766]","1"
"4_17-9_51","0.72","0.87","0.44","[0.723]","[0.866]","[0.437]","1"
"4_18-6_21","0.11","0.54","0.26","[0.114]","[0.543]","[0.257]","1"
"4_18-7_36","0.18","0.18","0.18","[0.177]","[0.177]","[0.177]","1"
"4_19-4_41","0.25","0.00","0.68","[0.249]","[0.0]","[0.677]","1"
"4_19-5_17","0.13","0.13","0.56","[0.129]","[0.129]","[0.557]","1"
"4_2-6_15","0.42","0.85","0.57","[0.423]","[0.851]","[0.566]","1"
"4_21-5_17","0.82","0.68","0.39","[0.82]","[0.677]","[0.391]","1"
"4_21-7_48","0.75","0.75","0.61","[0.749]","[0.749]","[0.606]","1"
"4_22-4_7","0.34","0.49","0.34","[0.343]","[0.486]","[0.343]","1"
"4_22-5_20","0.42","0.57","0.42","[0.423]","[0.566]","[0.423]","1"
"4_22-6_16","0.65","0.93","0.93","[0.649]","[0.934]","[0.934]","1"
"4_22-8_10","0.64","1.00","0.78","[0.637]","[1.0]","[0.78]","1"
"4_22-9_12","0.51","0.66","0.80","[0.514]","[0.657]","[0.8]","1"
"4_22-9_38","0.79","0.79","0.94","[0.694, 0.891]","[0.409, 1.0]","[0.694, 1.0]","2"
"4_24-6_32","0.36","0.64","1.00","[0.357]","[0.643]","[1.0]","1"
"4_24-9_19","0.78","1.00","1.00","[0.78]","[1.0]","[1.0]","1"
"4_25-4_9","0.65","0.65","0.65","[0.649]","[0.649]","[0.649]","1"
"4_25-5_49","0.90","0.90","0.76","[0.9]","[0.9]","[0.757]","1"
"4_25-7_50","0.66","0.52","0.66","[0.663]","[0.52]","[0.663]","1"
"4_25-8_2","0.41","0.41","0.41","[0.414]","[0.414]","[0.414]","1"
"4_25-9_52","0.62","0.19","0.62","[0.623]","[0.194]","[0.623]","1"
"4_26-4_36","0.92","0.92","1.00","[0.923]","[0.923]","[1.0]","1"
"4_26-5_32","0.58","0.44","0.29","[0.58]","[0.437]","[0.294]","1"
"4_26-6_51","0.19","0.61","0.19","[0.186]","[0.614]","[0.186]","1"
"4_26-7_35","0.54","0.54","0.68","[0.537]","[0.537]","[0.68]","1"
"4_26-9_9","0.84","0.84","0.70","[0.843]","[0.843]","[0.7]","1"
"4_27-5_28","0.90","0.90","0.90","[0.9]","[0.9]","[0.9]","1"
"4_28-5_32","1.00","1.00","1.00","[1.0]","[1.0]","[1.0]","1"
"4_28-5_6","0.72","0.43","0.86","[0.72]","[0.434]","[0.863]","1"
"4_28-8_39","0.89","0.75","0.89","[0.894]","[0.751]","[0.894]","1"
"4_28-9_19","0.45","0.45","0.59","[0.451]","[0.451]","[0.594]","1"
"4_29-7_43","0.35","0.64","0.49","[0.351]","[0.637]","[0.494]","1"
"4_29-8_1","0.54","0.69","0.40","[0.543]","[0.686]","[0.4]","1"
"4_3-8_19","0.61","0.47","0.61","[0.609]","[0.466]","[0.609]","1"
"4_3-8_23","0.69","0.83","0.69","[0.686]","[0.829]","[0.686]","1"
"4_3-9_21","0.18","0.18","0.18","[0.177]","[0.177]","[0.177]","1"
"4_30-5_39","0.52","0.52","0.52","[0.523]","[0.523]","[0.523]","1"
"4_30-5_47","0.14","0.28","0.14","[0.137]","[0.28]","[0.137]","1"
"4_30-5_5","0.60","0.46","0.46","[0.6]","[0.457]","[0.457]","1"
"4_30-6_33","0.22","1.00","0.51","[0.223]","[1.0]","[0.509]","1"
"4_31-7_28","0.99","0.70","0.70","[0.986]","[0.7]","[0.7]","1"
"4_31-7_46","0.42","0.42","0.71","[0.42]","[0.42]","[0.706]","1"
"4_31-9_5","0.04","0.61","0.47","[0.037]","[0.609]","[0.466]","1"
"4_32-6_31","0.69","0.69","0.83","[0.686]","[0.686]","[0.829]","1"
"4_32-7_20","0.58","0.72","0.72","[0.577]","[0.72]","[0.72]","1"
"4_32-7_24","0.54","0.69","0.83","[0.543]","[0.686]","[0.829]","1"
"4_32-7_27","0.09","0.23","0.09","[0.086]","[0.229]","[0.086]","1"
"4_32-8_43","0.74","1.00","0.88","[0.737]","[1.0]","[0.88]","1"
"4_32-8_44","0.62","0.48","0.19","[0.623]","[0.48]","[0.194]","1"
"4_32-9_16","0.48","0.48","0.48","[0.48]","[0.48]","[0.48]","1"
"4_33-4_40","0.80","0.80","0.80","[0.8]","[0.8]","[0.8]","1"
"4_33-7_42","0.75","1.00","0.32","[0.751]","[1.0]","[0.323]","1"
"4_33-7_52","0.61","0.61","0.61","[0.606]","[0.606]","[0.606]","1"
"4_33-9_50","0.32","0.32","0.03","[0.32]","[0.32]","[0.034]","1"
"4_34-9_26","0.58","0.15","0.29","[0.58]","[0.151]","[0.294]","1"
"4_35-4_40","0.70","1.00","1.00","[0.7]","[1.0]","[1.0]","1"
"4_35-6_37","0.74","1.00","0.46","[0.743]","[1.0]","[0.457]","1"
"4_36-5_11","0.20","0.20","0.20","[0.2]","[0.2]","[0.2]","1"
"4_36-5_16","0.94","0.94","0.94","[0.937]","[0.937]","[0.937]","1"
"4_36-7_9","0.08","0.79","0.79","[0.077]","[0.791]","[0.791]","1"
"4_36-8_39","0.51","0.94","0.66","[0.514]","[0.943]","[0.657]","1"
"4_36-8_46","0.43","0.14","1.00","[0.429]","[0.143]","[1.0]","1"
"4_37-5_52","0.95","1.00","0.09","[0.949]","[1.0]","[0.091]","1"
"4_38-4_40","0.52","0.81","0.67","[0.523]","[0.809]","[0.666]","1"
"4_38-7_2","0.75","1.00","0.61","[0.749]","[1.0]","[0.606]","1"
"4_38-9_2","0.34","0.20","0.20","[0.343]","[0.2]","[0.2]","1"
"4_39-4_45","0.82","0.82","0.82","[0.823]","[0.823]","[0.823]","1"
"4_39-5_54","0.25","0.00","0.82","[0.249]","[0.0]","[0.82]","1"
"4_39-9_30","0.34","0.62","0.05","[0.337]","[0.623]","[0.051]","1"
"4_39-9_41","0.31","0.17","0.46","[0.314]","[0.171]","[0.457]","1"
"4_4-5_18","0.58","0.86","0.86","[0.577]","[0.863]","[0.863]","1"
"4_4-5_30","1.00","1.00","1.00","[1.0]","[1.0]","[1.0]","1"
"4_4-6_52","0.41","0.41","0.55","[0.409]","[0.409]","[0.551]","1"
"4_4-8_43","0.29","0.44","0.58","[0.294]","[0.437]","[0.58]","1"
"4_40-9_32","0.01","0.30","0.30","[0.014]","[0.3]","[0.3]","1"
"4_41-6_15","0.54","0.54","0.69","[0.543]","[0.543]","[0.686]","1"
"4_41-7_16","0.42","0.28","0.42","[0.423]","[0.28]","[0.423]","1"
"4_41-9_16","0.65","0.22","0.36","[0.649]","[0.22]","[0.363]","1"
"4_42-5_53","0.29","0.01","0.01","[0.294]","[0.009]","[0.009]","1"
"4_42-6_27","0.93","1.00","0.65","[0.934]","[1.0]","[0.649]","1"
"4_42-8_41","0.86","0.86","0.86","[0.863]","[0.863]","[0.863]","1"
"4_43-7_8","0.27","0.56","0.70","[0.271]","[0.557]","[0.7]","1"
"4_43-8_29","0.04","0.47","0.04","[0.037]","[0.466]","[0.037]","1"
"4_44-4_52","0.70","0.70","0.99","[0.7]","[0.7]","[0.986]","1"
"4_44-7_2","0.57","0.43","0.57","[0.571]","[0.429]","[0.571]","1"
"4_45-7_27","0.32","0.18","0.32","[0.323]","[0.18]","[0.323]","1"
"4_45-7_51","0.27","0.27","0.27","[0.271]","[0.271]","[0.271]","1"
"4_46-5_12","0.42","0.28","0.28","[0.42]","[0.277]","[0.277]","1"
"4_46-5_20","0.34","0.19","0.34","[0.337]","[0.194]","[0.337]","1"
"4_46-5_28","0.61","0.32","0.18","[0.606]","[0.32]","[0.177]","1"
"4_46-5_7","0.61","0.61","0.76","[0.614]","[0.614]","[0.757]","1"
"4_47-7_30","0.61","0.75","0.61","[0.609]","[0.751]","[0.609]","1"
"4_47-7_43","0.72","0.86","0.86","[0.72]","[0.863]","[0.863]","1"
"4_47-8_43","0.26","0.83","1.00","[0.257]","[0.829]","[1.0]","1"
"4_48-6_8","0.31","0.17","0.17","[0.309]","[0.166]","[0.166]","1"
"4_49-7_49","0.51","0.51","0.51","[0.506]","[0.506]","[0.506]","1"
"4_49-8_32","0.84","1.00","0.99","[0.843]","[1.0]","[0.986]","1"
"4_5-6_37","0.72","0.15","0.44","[0.723]","[0.151]","[0.437]","1"
"4_5-9_45","0.57","0.42","0.28","[0.566]","[0.423]","[0.28]","1"
"4_50-5_30","0.76","0.76","0.90","[0.757]","[0.757]","[0.9]","1"
"4_50-7_4","1.00","0.90","1.00","[1.0]","[0.9]","[1.0]","1"
"4_50-8_23","0.81","0.67","0.67","[0.809]","[0.666]","[0.666]","1"
"4_50-8_34","0.52","0.67","0.67","[0.523]","[0.666]","[0.666]","1"
"4_52-6_13","0.32","0.04","0.32","[0.323]","[0.037]","[0.323]","1"
"4_52-9_12","0.26","0.40","0.00","[0.257]","[0.4]","[0.0]","1"
"4_53-5_4","0.63","0.35","0.35","[0.634]","[0.349]","[0.349]","1"
"4_53-5_51","0.54","0.69","0.83","[0.543]","[0.686]","[0.829]","1"
"4_53-6_30","0.64","0.64","0.64","[0.637]","[0.637]","[0.637]","1"
"4_53-7_21","0.47","0.32","0.32","[0.466]","[0.323]","[0.323]","1"
"4_53-7_31","0.53","0.53","0.53","[0.534]","[0.534]","[0.534]","1"
"4_54-7_18","0.29","0.29","0.29","[0.286]","[0.286]","[0.286]","1"
"4_54-9_49","0.19","0.19","0.62","[0.191]","[0.191]","[0.62]","1"
"4_6-5_27","0.28","0.13","0.13","[0.277]","[0.134]","[0.134]","1"
"4_7-5_19","0.72","0.87","0.87","[0.723]","[0.866]","[0.866]","1"
"4_7-5_31","0.21","0.07","0.50","[0.214]","[0.071]","[0.5]","1"
"4_7-6_4","0.98","1.00","1.00","[0.977]","[1.0]","[1.0]","1"
"4_8-5_22","0.53","0.25","0.53","[0.534]","[0.249]","[0.534]","1"
"4_8-5_34","0.00","0.04","0.00","[0.0]","[0.043]","[0.0]","1"
"4_8-6_24","0.72","0.87","0.58","[0.723]","[0.866]","[0.58]","1"
"4_8-6_53","0.46","0.61","0.61","[0.463]","[0.606]","[0.606]","1"
"4_8-7_1","0.34","0.19","0.27","[0.223, 0.451]","[0.223, 0.166]","[0.366, 0.166]","2"
"4_8-7_32","0.36","0.36","0.22","[0.363]","[0.363]","[0.22]","1"
"4_8-8_15","0.70","0.70","0.84","[0.7]","[0.7]","[0.843]","1"
"4_8-8_5","0.40","0.64","0.45","[0.229, 0.48, 0.494]","[0.514, 0.48, 0.923]","[0.371, 0.48, 0.494]","3"
"4_8-9_22","0.41","0.30","0.37","[0.543, 0.294, 0.514, 0.271]","[0.4, 0.009, 0.514, 0.271]","[0.543, 0.009, 0.657, 0.271]","4"
"4_8-9_8","0.47","0.26","0.19","[0.486, 0.463]","[0.343, 0.177]","[0.2, 0.177]","2"
"4_9-8_18","0.35","0.64","0.78","[0.351]","[0.637]","[0.78]","1"
"5_1-5_10","0.01","0.01","0.15","[0.009]","[0.009]","[0.151]","1"
"5_1-5_43","0.51","0.51","0.51","[0.514]","[0.514]","[0.514]","1"
"5_1-5_45","0.76","1.00","1.00","[0.763]","[1.0]","[1.0]","1"
"5_1-5_50","1.00","1.00","1.00","[1.0]","[1.0]","[1.0]","1"
"5_1-6_44","0.03","0.18","0.46","[0.034]","[0.177]","[0.463]","1"
"5_1-9_26","0.12","0.00","0.00","[0.12]","[0.0]","[0.0]","1"
"5_10-6_41","0.35","0.35","0.21","[0.351]","[0.351]","[0.209]","1"
"5_10-7_38","0.17","0.17","0.03","[0.171]","[0.171]","[0.029]","1"
"5_10-9_26","0.22","0.30","0.30","[0.177, 0.271]","[0.32, 0.271]","[0.32, 0.271]","2"
"5_10-9_37","0.00","0.00","0.82","[0.0]","[0.0]","[0.82]","1"
"5_11-7_23","0.16","0.73","0.01","[0.157]","[0.729]","[0.014]","1"
"5_11-8_41","0.59","0.59","0.73","[0.586]","[0.586]","[0.729]","1"
"5_12-8_48","0.89","0.61","0.47","[0.894]","[0.609]","[0.466]","1"
"5_13-7_50","0.13","0.13","0.27","[0.129]","[0.129]","[0.271]","1"
"5_13-8_14","0.71","0.85","0.71","[0.706]","[0.849]","[0.706]","1"
"5_13-8_17","0.55","0.69","0.55","[0.549]","[0.691]","[0.549]","1"
"5_13-8_48","0.27","0.13","0.13","[0.271]","[0.129]","[0.129]","1"
"5_15-9_50","0.04","0.04","0.18","[0.037]","[0.037]","[0.18]","1"
"5_16-5_50","0.16","0.59","0.01","[0.157]","[0.586]","[0.014]","1"
"5_16-8_37","0.67","0.39","0.53","[0.671]","[0.386]","[0.529]","1"
"5_16-8_39","0.00","0.00","0.00","[0.0]","[0.0]","[0.0]","1"
"5_16-8_49","0.47","0.33","0.33","[0.471]","[0.329]","[0.329]","1"
"5_17-7_52","0.83","0.54","0.83","[0.829]","[0.543]","[0.829]","1"
"5_17-8_25","0.34","0.34","0.34","[0.337]","[0.337]","[0.337]","1"
"5_17-9_9","0.18","0.61","0.18","[0.18]","[0.609]","[0.18]","1"
"5_18-9_13","0.32","0.61","0.18","[0.32]","[0.606]","[0.177]","1"
"5_18-9_24","0.26","0.83","0.40","[0.257]","[0.829]","[0.4]","1"
"5_19-9_10","0.75","0.03","0.03","[0.749]","[0.034]","[0.034]","1"
"5_20-6_40","0.29","0.43","0.29","[0.286]","[0.429]","[0.286]","1"
"5_21-5_48","1.00","1.00","1.00","[1.0]","[1.0]","[1.0]","1"
"5_21-6_32","0.76","0.76","0.76","[0.763]","[0.763]","[0.763]","1"
"5_21-7_17","0.60","0.31","0.74","[0.6]","[0.314]","[0.743]","1"
"5_21-7_40","0.84","0.84","0.84","[0.843]","[0.843]","[0.843]","1"
"5_22-5_34","0.71","0.85","0.85","[0.706]","[0.849]","[0.849]","1"
"5_22-6_24","0.54","0.49","0.73","[0.471, 0.414, 0.723]","[0.614, 0.414, 0.437]","[0.757, 0.843, 0.58]","3"
"5_22-6_53","0.44","0.44","0.54","[0.4, 0.449, 0.486]","[0.543, 0.591, 0.2]","[0.686, 0.734, 0.2]","3"
"5_22-7_1","0.39","0.46","0.46","[0.371, 0.406]","[0.514, 0.406]","[0.8, 0.12]","2"
"5_22-7_32","0.27","0.27","0.41","[0.271, 0.266]","[0.271, 0.266]","[0.557, 0.266]","2"
"5_22-8_15","0.43","0.93","0.86","[0.129, 0.734]","[0.986, 0.877]","[0.7, 1.0]","2"
"5_22-9_22","0.17","0.17","0.17","[0.171]","[0.171]","[0.171]","1"
"5_22-9_8","0.35","0.21","0.45","[0.5, 0.214, 0.349]","[0.214, 0.214, 0.206]","[0.786, 0.357, 0.206]","3"
"5_23-6_18","0.75","0.89","0.75","[0.751]","[0.894]","[0.751]","1"
"5_24-9_31","0.06","0.34","0.06","[0.057]","[0.343]","[0.057]","1"
"5_25-6_52","0.46","0.32","0.32","[0.463]","[0.32]","[0.32]","1"
"5_27-8_41","0.25","0.25","0.25","[0.249]","[0.249]","[0.249]","1"
"5_27-9_5","0.20","0.20","0.20","[0.2]","[0.2]","[0.2]","1"
"5_27-9_50","0.23","0.80","0.23","[0.229]","[0.8]","[0.229]","1"
"5_28-5_43","0.86","1.00","1.00","[0.857]","[1.0]","[1.0]","1"
"5_28-8_8","0.33","0.33","0.33","[0.329]","[0.329]","[0.329]","1"
"5_29-6_22","0.79","0.93","0.93","[0.791]","[0.934]","[0.934]","1"
"5_29-6_42","0.32","0.04","0.04","[0.323]","[0.037]","[0.037]","1"
"5_29-8_42","0.85","0.71","0.99","[0.851]","[0.709]","[0.994]","1"
"5_3-6_29","0.37","0.37","0.37","[0.371]","[0.371]","[0.371]","1"
"5_30-9_36","0.58","0.44","0.29","[0.58]","[0.437]","[0.294]","1"
"5_31-6_47","0.72","0.58","0.44","[0.723]","[0.58]","[0.437]","1"
"5_31-7_3","0.89","0.18","1.00","[0.894]","[0.18]","[1.0]","1"
"5_31-9_21","0.25","0.11","0.25","[0.251]","[0.109]","[0.251]","1"
"5_32-6_41","0.09","0.09","0.09","[0.094]","[0.094]","[0.094]","1"
"5_32-8_19","0.18","0.18","0.18","[0.18]","[0.18]","[0.18]","1"
"5_32-8_54","0.69","0.41","0.69","[0.694]","[0.409]","[0.694]","1"
"5_33-7_36","0.50","0.21","0.21","[0.5]","[0.214]","[0.214]","1"
"5_33-7_37","0.82","1.00","0.82","[0.82]","[1.0]","[0.82]","1"
"5_33-7_48","0.71","0.71","0.57","[0.709]","[0.709]","[0.566]","1"
"5_34-6_24","0.77","0.85","0.99","[0.749, 0.8]","[0.891, 0.8]","[1.0, 0.8]","2"
"5_34-6_53","0.43","0.72","0.86","[0.434]","[0.72]","[0.863]","1"
"5_34-7_1","0.23","0.23","0.16","[0.137, 0.323]","[0.137, 0.323]","[0.0, 0.323]","2"
"5_34-7_32","0.14","0.14","0.14","[0.143]","[0.143]","[0.143]","1"
"5_34-8_15","0.99","0.99","0.99","[0.994]","[0.994]","[0.994]","1"
"5_34-8_5","0.23","0.37","0.51","[0.371, 0.086]","[0.514, 0.229]","[0.8, 0.229]","2"
"5_34-9_22","0.17","0.17","0.03","[0.171]","[0.171]","[0.029]","1"
"5_34-9_8","0.24","0.31","0.31","[0.2, 0.28]","[0.343, 0.28]","[0.343, 0.28]","2"
"5_35-5_40","0.55","0.83","0.55","[0.549]","[0.834]","[0.549]","1"
"5_35-6_14","0.06","0.21","0.21","[0.063]","[0.206]","[0.206]","1"
"5_35-7_49","0.54","0.40","0.40","[0.543]","[0.4]","[0.4]","1"
"5_35-7_54","0.26","0.83","0.26","[0.257]","[0.829]","[0.257]","1"
"5_35-9_12","0.08","0.00","0.00","[0.077]","[0.0]","[0.0]","1"
"5_35-9_39","0.23","0.51","0.37","[0.229]","[0.514]","[0.371]","1"
"5_36-5_46","0.91","1.00","1.00","[0.914]","[1.0]","[1.0]","1"
"5_36-6_45","0.65","0.79","0.94","[0.651]","[0.794]","[0.937]","1"
"5_36-7_52","0.61","0.46","0.61","[0.606]","[0.463]","[0.606]","1"
"5_36-8_54","0.60","0.74","0.60","[0.6]","[0.743]","[0.6]","1"
"5_37-6_8","0.49","0.35","0.78","[0.494]","[0.351]","[0.78]","1"
"5_38-5_47","0.96","0.68","1.00","[0.963]","[0.677]","[1.0]","1"
"5_38-7_15","0.15","0.01","0.15","[0.149]","[0.006]","[0.149]","1"
"5_38-7_37","0.27","0.41","0.27","[0.271]","[0.414]","[0.271]","1"
"5_39-6_22","0.49","0.92","0.78","[0.491]","[0.92]","[0.777]","1"
"5_39-7_8","0.47","0.47","0.61","[0.471]","[0.471]","[0.614]","1"
"5_39-8_2","0.60","0.46","0.74","[0.6]","[0.457]","[0.743]","1"
"5_4-5_54","0.71","1.00","1.00","[0.709]","[1.0]","[1.0]","1"
"5_4-6_27","0.57","1.00","0.86","[0.571]","[1.0]","[0.857]","1"
"5_4-6_31","0.33","0.19","0.33","[0.329]","[0.186]","[0.329]","1"
"5_40-8_41","0.14","0.28","0.14","[0.137]","[0.28]","[0.137]","1"
"5_41-6_42","0.28","0.56","0.00","[0.277]","[0.563]","[0.0]","1"
"5_42-6_39","0.37","0.65","0.22","[0.366]","[0.651]","[0.223]","1"
"5_42-8_14","0.85","0.28","0.14","[0.851]","[0.28]","[0.137]","1"
"5_42-9_48","0.89","0.75","0.75","[0.894]","[0.751]","[0.751]","1"
"5_44-8_53","0.39","0.53","0.11","[0.391]","[0.534]","[0.106]","1"
"5_44-9_42","0.25","0.11","0.11","[0.249]","[0.106]","[0.106]","1"
"5_45-6_43","0.41","0.41","0.55","[0.406]","[0.406]","[0.549]","1"
"5_46-7_47","0.21","0.49","0.49","[0.206]","[0.491]","[0.491]","1"
"5_46-8_47","0.45","0.31","0.00","[0.449]","[0.306]","[0.0]","1"
"5_47-9_6","0.22","0.00","0.00","[0.22]","[0.0]","[0.0]","1"
"5_48-7_3","0.14","0.14","0.71","[0.143]","[0.143]","[0.714]","1"
"5_48-7_52","0.18","0.18","0.18","[0.177]","[0.177]","[0.177]","1"
"5_48-8_36","0.08","0.00","0.00","[0.077]","[0.0]","[0.0]","1"
"5_5-7_41","0.13","0.70","0.13","[0.129]","[0.7]","[0.129]","1"
"5_5-9_13","0.18","0.18","0.18","[0.18]","[0.18]","[0.18]","1"
"5_50-7_38","0.18","0.18","0.18","[0.18]","[0.18]","[0.18]","1"
"5_50-7_54","1.00","1.00","1.00","[1.0]","[1.0]","[1.0]","1"
"5_50-8_45","0.02","0.02","0.59","[0.02]","[0.02]","[0.591]","1"
"5_51-7_34","0.18","0.18","0.18","[0.18]","[0.18]","[0.18]","1"
"5_52-9_32","0.60","0.46","0.31","[0.6]","[0.457]","[0.314]","1"
"5_52-9_36","0.39","0.39","0.39","[0.386]","[0.386]","[0.386]","1"
"5_53-8_17","0.19","0.19","0.19","[0.191]","[0.191]","[0.191]","1"
"5_53-8_52","0.44","0.44","0.29","[0.437]","[0.437]","[0.294]","1"
"5_53-9_37","0.14","0.14","0.28","[0.137]","[0.137]","[0.28]","1"
"5_54-6_34","0.36","0.64","0.93","[0.357]","[0.643]","[0.929]","1"
"5_54-6_8","0.41","0.41","0.41","[0.409]","[0.409]","[0.409]","1"
"5_6-8_12","0.38","0.23","0.66","[0.377]","[0.234]","[0.663]","1"
"5_6-8_42","0.11","0.11","0.00","[0.106]","[0.106]","[0.0]","1"
"5_7-7_35","0.33","0.19","0.19","[0.334]","[0.191]","[0.191]","1"
"5_7-8_25","0.29","0.29","0.29","[0.286]","[0.286]","[0.286]","1"
"5_7-9_32","0.32","0.18","0.32","[0.32]","[0.177]","[0.32]","1"
"5_9-9_40","0.00","0.00","0.00","[0.0]","[0.0]","[0.0]","1"
"6_1-8_19","0.57","0.71","0.57","[0.571]","[0.714]","[0.571]","1"
"6_1-8_36","0.49","0.63","0.34","[0.486]","[0.629]","[0.343]","1"
"6_10-6_30","0.59","0.87","0.59","[0.586]","[0.871]","[0.586]","1"
"6_10-7_21","0.86","1.00","0.29","[0.863]","[1.0]","[0.291]","1"
"6_10-7_31","0.39","0.39","0.53","[0.391]","[0.391]","[0.534]","1"
"6_10-9_17","0.61","0.89","0.32","[0.609]","[0.894]","[0.323]","1"
"6_11-7_8","0.99","0.99","0.99","[0.986]","[0.986]","[0.986]","1"
"6_11-9_7","0.29","0.58","0.29","[0.294]","[0.58]","[0.294]","1"
"6_12-6_16","0.41","0.41","0.56","[0.414]","[0.414]","[0.557]","1"
"6_12-6_51","0.79","0.65","0.65","[0.791]","[0.649]","[0.649]","1"
"6_12-6_8","0.98","1.00","0.98","[0.977]","[1.0]","[0.977]","1"
"6_12-8_18","0.94","1.00","1.00","[0.937]","[1.0]","[1.0]","1"
"6_13-7_50","0.35","0.21","0.49","[0.349]","[0.206]","[0.491]","1"
"6_14-8_2","0.37","0.65","0.37","[0.366]","[0.651]","[0.366]","1"
"6_15-7_42","0.17","0.17","0.17","[0.171]","[0.171]","[0.171]","1"
"6_15-9_52","0.13","0.13","0.13","[0.129]","[0.129]","[0.129]","1"
"6_16-8_53","0.39","0.25","0.25","[0.391]","[0.249]","[0.249]","1"
"6_17-8_23","0.37","0.66","0.80","[0.371]","[0.657]","[0.8]","1"
"6_18-7_5","0.44","0.30","0.44","[0.443]","[0.3]","[0.443]","1"
"6_18-7_7","0.26","0.54","0.83","[0.257]","[0.543]","[0.829]","1"
"6_18-8_11","1.00","0.72","0.87","[1.0]","[0.723]","[0.866]","1"
"6_18-8_28","0.11","0.11","0.11","[0.114]","[0.114]","[0.114]","1"
"6_18-9_25","0.33","0.33","0.33","[0.329]","[0.329]","[0.329]","1"
"6_20-7_26","0.79","0.51","0.22","[0.791]","[0.506]","[0.22]","1"
"6_20-9_18","0.94","0.37","1.00","[0.937]","[0.366]","[1.0]","1"
"6_20-9_33","0.35","0.35","0.35","[0.351]","[0.351]","[0.351]","1"
"6_21-6_27","0.23","0.80","0.80","[0.229]","[0.8]","[0.8]","1"
"6_21-7_16","0.04","0.04","0.04","[0.037]","[0.037]","[0.037]","1"
"6_21-7_29","0.51","0.51","0.51","[0.506]","[0.506]","[0.506]","1"
"6_22-9_13","0.56","0.13","0.13","[0.557]","[0.129]","[0.129]","1"
"6_24-7_1","0.56","0.56","0.71","[0.563]","[0.563]","[0.706]","1"
"6_24-7_32","0.58","0.86","0.83","[0.791, 0.4, 0.129, 0.986]","[0.791, 0.971, 0.7, 0.986]","[0.791, 0.543, 0.986, 0.986]","4"
"6_24-8_5","0.37","0.51","0.37","[0.263, 0.471, 0.363]","[0.406, 0.614, 0.506]","[0.263, 0.614, 0.22]","3"
"6_24-9_22","0.19","0.26","0.40","[0.337, 0.043]","[0.337, 0.186]","[0.766, 0.043]","2"
"6_24-9_8","0.72","0.58","0.58","[0.78, 0.663]","[0.78, 0.377]","[0.637, 0.52]","2"
"6_25-9_11","0.14","0.43","0.29","[0.143]","[0.429]","[0.286]","1"
"6_26-9_17","0.61","0.33","0.33","[0.614]","[0.329]","[0.329]","1"
"6_27-7_13","0.51","0.51","0.51","[0.506]","[0.506]","[0.506]","1"
"6_28-6_44","0.99","0.71","0.99","[0.991]","[0.706]","[0.991]","1"
"6_3-8_35","0.81","0.66","0.81","[0.806]","[0.663]","[0.806]","1"
"6_3-8_38","0.79","0.79","0.79","[0.794]","[0.794]","[0.794]","1"
"6_30-6_41","0.75","0.89","1.00","[0.751]","[0.894]","[1.0]","1"
"6_30-8_36","0.64","0.35","0.35","[0.637]","[0.351]","[0.351]","1"
"6_31-6_43","0.56","0.71","0.71","[0.563]","[0.706]","[0.706]","1"
"6_31-7_38","0.70","0.13","0.70","[0.7]","[0.129]","[0.7]","1"
"6_31-8_25","0.82","1.00","0.82","[0.82]","[1.0]","[0.82]","1"
"6_32-6_35","1.00","1.00","1.00","[1.0]","[1.0]","[1.0]","1"
"6_33-8_52","0.57","0.86","0.71","[0.571]","[0.857]","[0.714]","1"
"6_34-6_37","0.80","0.80","0.94","[0.8]","[0.8]","[0.943]","1"
"6_35-6_4","0.92","0.92","0.92","[0.92]","[0.92]","[0.92]","1"
"6_35-7_10","0.41","0.69","0.26","[0.406]","[0.691]","[0.263]","1"
"6_35-9_18","0.23","0.51","0.37","[0.229]","[0.514]","[0.371]","1"
"6_35-9_36","0.32","0.61","0.18","[0.323]","[0.609]","[0.18]","1"
"6_36-6_37","0.98","1.00","1.00","[0.98]","[1.0]","[1.0]","1"
"6_36-9_47","0.27","0.12","0.27","[0.266]","[0.123]","[0.266]","1"
"6_37-6_39","0.55","0.41","0.41","[0.549]","[0.406]","[0.406]","1"
"6_37-8_41","0.47","0.61","0.32","[0.466]","[0.609]","[0.323]","1"
"6_38-7_46","0.85","0.42","0.85","[0.851]","[0.423]","[0.851]","1"
"6_38-9_7","0.21","0.21","0.21","[0.206]","[0.206]","[0.206]","1"
"6_39-9_19","0.42","0.28","0.28","[0.423]","[0.28]","[0.28]","1"
"6_39-9_27","0.33","0.47","0.33","[0.329]","[0.471]","[0.329]","1"
"6_4-9_6","0.13","0.42","0.28","[0.134]","[0.42]","[0.277]","1"
"6_40-7_3","0.61","0.32","0.61","[0.606]","[0.32]","[0.606]","1"
"6_40-8_13","0.27","0.69","0.41","[0.266]","[0.694]","[0.409]","1"
"6_41-7_16","0.83","0.69","0.83","[0.829]","[0.686]","[0.829]","1"
"6_41-8_23","0.48","0.91","1.00","[0.48]","[0.909]","[1.0]","1"
"6_42-6_9","0.89","1.00","1.00","[0.894]","[1.0]","[1.0]","1"
"6_42-8_7","0.28","0.28","0.14","[0.28]","[0.28]","[0.137]","1"
"6_45-9_42","0.26","0.26","0.12","[0.263]","[0.263]","[0.12]","1"
"6_46-7_46","0.86","1.00","1.00","[0.863]","[1.0]","[1.0]","1"
"6_46-8_40","0.27","0.41","0.27","[0.271]","[0.414]","[0.271]","1"
"6_46-9_41","0.34","0.34","0.34","[0.343]","[0.343]","[0.343]","1"
"6_47-8_7","0.20","0.49","0.06","[0.2]","[0.486]","[0.057]","1"
"6_48-6_5","0.61","0.89","1.00","[0.609]","[0.894]","[1.0]","1"
"6_48-7_39","0.58","0.58","0.72","[0.58]","[0.58]","[0.723]","1"
"6_48-7_48","0.67","0.38","0.38","[0.666]","[0.38]","[0.38]","1"
"6_48-8_24","0.21","0.21","1.00","[0.214]","[0.214]","[1.0]","1"
"6_49-8_46","0.41","0.56","0.84","[0.414]","[0.557]","[0.843]","1"
"6_49-9_26","0.55","0.55","0.55","[0.551]","[0.551]","[0.551]","1"
"6_49-9_30","0.00","0.00","0.00","[0.0]","[0.0]","[0.0]","1"
"6_5-7_26","0.35","0.21","0.35","[0.349]","[0.206]","[0.349]","1"
"6_5-9_35","0.07","0.07","0.64","[0.071]","[0.071]","[0.643]","1"
"6_5-9_5","0.56","0.56","0.70","[0.557]","[0.557]","[0.7]","1"
"6_50-8_54","0.71","1.00","0.71","[0.714]","[1.0]","[0.714]","1"
"6_50-8_7","0.54","0.54","0.69","[0.543]","[0.543]","[0.686]","1"
"6_51-7_34","0.27","0.27","0.70","[0.271]","[0.271]","[0.7]","1"
"6_51-7_6","0.46","0.60","0.89","[0.457]","[0.6]","[0.886]","1"
"6_52-7_36","0.89","0.61","0.47","[0.894]","[0.609]","[0.466]","1"
"6_52-8_10","0.49","0.91","0.77","[0.486]","[0.914]","[0.771]","1"
"6_53-8_15","0.28","0.33","0.47","[0.206, 0.237, 0.406]","[0.206, 0.237, 0.549]","[0.349, 0.237, 0.834]","3"
"6_53-8_5","0.29","0.14","0.57","[0.286]","[0.143]","[0.571]","1"
"6_53-9_22","0.30","0.30","0.44","[0.423, 0.18]","[0.423, 0.18]","[0.709, 0.18]","2"
"6_53-9_8","0.54","0.33","0.61","[0.694, 0.386]","[0.266, 0.386]","[0.837, 0.386]","2"
"6_54-7_54","0.33","0.33","0.62","[0.334]","[0.334]","[0.62]","1"
"6_54-9_4","0.44","0.01","0.01","[0.437]","[0.009]","[0.009]","1"
"6_54-9_50","0.77","0.91","0.19","[0.766]","[0.909]","[0.194]","1"
"6_6-7_22","0.51","0.66","0.66","[0.514]","[0.657]","[0.657]","1"
"6_6-7_44","0.23","0.37","0.80","[0.229]","[0.371]","[0.8]","1"
"6_6-9_30","0.18","0.32","0.32","[0.18]","[0.323]","[0.323]","1"
"6_8-7_30","0.63","0.63","0.63","[0.634]","[0.634]","[0.634]","1"
"6_9-7_13","0.39","0.39","0.39","[0.386]","[0.386]","[0.386]","1"
"6_9-8_9","0.61","0.47","0.33","[0.614]","[0.471]","[0.329]","1"
"7_1-7_32","0.86","1.00","1.00","[0.549, 1.0]","[0.834, 1.0]","[0.834, 1.0]","2"
"7_1-8_15","0.60","0.89","0.89","[0.6]","[0.886]","[0.886]","1"
"7_1-8_5","0.66","0.88","0.88","[0.609, 0.714]","[0.894, 0.857]","[0.894, 0.857]","2"
"7_1-9_22","0.27","0.20","0.20","[0.429, 0.106]","[0.429, 0.0]","[0.143, 0.249]","2"
"7_1-9_8","0.06","0.06","0.35","[0.063]","[0.063]","[0.349]","1"
"7_10-9_13","0.57","0.57","0.99","[0.566]","[0.566]","[0.994]","1"
"7_10-9_41","0.69","0.83","0.69","[0.691]","[0.834]","[0.691]","1"
"7_10-9_9","0.49","0.20","0.77","[0.486]","[0.2]","[0.771]","1"
"7_13-7_9","0.91","1.00","1.00","[0.914]","[1.0]","[1.0]","1"
"7_15-7_4","1.00","1.00","0.00","[1.0]","[1.0]","[0.0]","1"
"7_15-8_20","0.57","0.57","0.57","[0.566]","[0.566]","[0.566]","1"
"7_15-8_31","0.73","1.00","1.00","[0.729]","[1.0]","[1.0]","1"
"7_15-9_39","0.25","0.11","0.11","[0.249]","[0.106]","[0.106]","1"
"7_16-7_44","0.96","0.96","0.96","[0.963]","[0.963]","[0.963]","1"
"7_16-8_44","0.75","1.00","1.00","[0.749]","[1.0]","[1.0]","1"
"7_18-7_38","1.00","1.00","1.00","[1.0]","[1.0]","[1.0]","1"
"7_18-9_42","0.02","0.16","0.73","[0.02]","[0.163]","[0.734]","1"
"7_20-9_17","0.51","0.36","0.65","[0.506]","[0.363]","[0.649]","1"
"7_21-7_35","1.00","0.75","1.00","[1.0]","[0.751]","[1.0]","1"
"7_21-8_50","0.94","0.79","0.65","[0.937]","[0.794]","[0.651]","1"
"7_21-9_23","0.47","0.47","0.47","[0.471]","[0.471]","[0.471]","1"
"7_21-9_26","0.13","0.13","0.13","[0.129]","[0.129]","[0.129]","1"
"7_21-9_4","0.55","0.55","0.55","[0.551]","[0.551]","[0.551]","1"
"7_22-9_35","0.13","0.99","0.42","[0.134]","[0.991]","[0.42]","1"
"7_23-7_47","1.00","1.00","1.00","[1.0]","[1.0]","[1.0]","1"
"7_23-8_7","0.56","0.71","0.71","[0.563]","[0.706]","[0.706]","1"
"7_24-8_1","0.75","0.61","0.75","[0.751]","[0.609]","[0.751]","1"
"7_24-8_18","1.00","0.94","1.00","[1.0]","[0.943]","[1.0]","1"
"7_24-8_26","0.89","0.89","1.00","[0.891]","[0.891]","[1.0]","1"
"7_24-9_52","0.27","0.27","0.70","[0.271]","[0.271]","[0.7]","1"
"7_25-7_33","0.75","0.75","0.75","[0.749]","[0.749]","[0.749]","1"
"7_26-8_22","0.48","0.77","0.91","[0.48]","[0.766]","[0.909]","1"
"7_26-8_23","0.82","0.96","0.82","[0.82]","[0.963]","[0.82]","1"
"7_26-8_45","0.75","0.75","0.75","[0.749]","[0.749]","[0.749]","1"
"7_27-8_34","0.17","0.17","0.17","[0.171]","[0.171]","[0.171]","1"
"7_27-9_41","0.75","0.89","0.61","[0.751]","[0.894]","[0.609]","1"
"7_29-8_37","0.70","0.70","0.70","[0.7]","[0.7]","[0.7]","1"
"7_29-8_52","0.83","0.55","0.55","[0.834]","[0.549]","[0.549]","1"
"7_3-7_9","0.71","0.86","0.71","[0.714]","[0.857]","[0.714]","1"
"7_3-8_21","1.00","0.91","0.91","[1.0]","[0.914]","[0.914]","1"
"7_30-9_7","0.72","0.72","0.86","[0.72]","[0.72]","[0.863]","1"
"7_31-8_19","0.47","0.33","0.33","[0.471]","[0.329]","[0.329]","1"
"7_32-8_15","0.32","0.75","0.75","[0.32]","[0.749]","[0.749]","1"
"7_32-8_5","0.73","0.80","0.87","[1.0, 0.349]","[1.0, 0.491]","[1.0, 0.634]","2"
"7_32-9_22","0.62","0.28","0.57","[0.257, 0.849, 0.743]","[0.114, 0.277, 0.457]","[0.257, 0.849, 0.6]","3"
"7_32-9_8","0.56","0.70","0.56","[0.609, 0.514]","[0.894, 0.514]","[0.466, 0.657]","2"
"7_33-8_23","0.61","0.61","0.89","[0.606]","[0.606]","[0.891]","1"
"7_33-8_38","0.85","0.71","0.99","[0.849]","[0.706]","[0.991]","1"
"7_36-9_33","0.39","0.82","0.25","[0.391]","[0.82]","[0.249]","1"
"7_37-8_49","0.80","0.80","0.80","[0.8]","[0.8]","[0.8]","1"
"7_38-7_44","1.00","1.00","1.00","[1.0]","[1.0]","[1.0]","1"
"7_39-8_13","0.39","0.39","0.39","[0.386]","[0.386]","[0.386]","1"
"7_4-7_45","0.17","0.17","0.17","[0.171]","[0.171]","[0.171]","1"
"7_4-8_33","0.68","0.96","0.68","[0.677]","[0.963]","[0.677]","1"
"7_40-7_46","0.81","0.67","0.81","[0.809]","[0.666]","[0.809]","1"
"7_40-9_40","0.41","0.27","0.56","[0.414]","[0.271]","[0.557]","1"
"7_40-9_46","0.78","1.00","0.49","[0.777]","[1.0]","[0.491]","1"
"7_42-9_15","0.13","0.71","0.42","[0.134]","[0.706]","[0.42]","1"
"7_44-9_21","0.43","0.14","0.14","[0.429]","[0.143]","[0.143]","1"
"7_45-8_6","0.51","0.22","0.51","[0.506]","[0.22]","[0.506]","1"
"7_47-9_34","0.61","0.33","0.33","[0.614]","[0.329]","[0.329]","1"
"7_48-8_22","0.21","0.21","0.21","[0.209]","[0.209]","[0.209]","1"
"7_48-8_44","0.71","0.29","0.29","[0.714]","[0.286]","[0.286]","1"
"7_48-9_40","1.00","1.00","1.00","[1.0]","[1.0]","[1.0]","1"
"7_5-8_18","0.57","0.86","1.00","[0.571]","[0.857]","[1.0]","1"
"7_5-9_30","0.01","0.59","1.00","[0.014]","[0.586]","[1.0]","1"
"7_50-8_50","1.00","1.00","1.00","[1.0]","[1.0]","[1.0]","1"
"7_50-9_39","0.42","0.42","0.42","[0.423]","[0.423]","[0.423]","1"
"7_51-7_6","1.00","1.00","1.00","[1.0]","[1.0]","[1.0]","1"
"7_51-9_40","0.49","0.49","0.49","[0.486]","[0.486]","[0.486]","1"
"7_51-9_51","0.55","0.55","0.55","[0.551]","[0.551]","[0.551]","1"
"7_53-9_24","0.46","0.46","0.46","[0.463]","[0.463]","[0.463]","1"
"7_53-9_37","0.26","0.55","0.83","[0.263]","[0.549]","[0.834]","1"
"7_54-9_18","0.42","0.56","0.42","[0.42]","[0.563]","[0.42]","1"
"7_6-8_39","0.43","0.43","0.29","[0.429]","[0.429]","[0.286]","1"
"8_1-8_6","0.49","0.78","0.35","[0.494]","[0.78]","[0.351]","1"
"8_11-8_20","0.87","1.00","0.87","[0.871]","[1.0]","[0.871]","1"
"8_11-8_36","0.75","0.61","0.89","[0.751]","[0.609]","[0.894]","1"
"8_11-9_46","0.39","0.39","0.39","[0.391]","[0.391]","[0.391]","1"
"8_12-8_20","0.86","0.86","1.00","[0.863]","[0.863]","[1.0]","1"
"8_13-9_52","0.29","0.43","0.43","[0.286]","[0.429]","[0.429]","1"
"8_14-9_25","0.24","0.38","0.38","[0.237]","[0.38]","[0.38]","1"
"8_15-8_5","0.45","0.45","0.59","[0.451]","[0.451]","[0.594]","1"
"8_15-9_22","0.49","0.51","0.63","[0.471, 0.22, 0.2, 0.643, 0.894]","[0.471, 0.22, 1.0, 0.643, 0.18]","[0.329, 0.22, 0.343, 1.0, 1.0]","5"
"8_15-9_8","0.28","0.28","0.23","[0.0, 0.429, 0.414]","[0.271, 0.429, 0.129]","[0.0, 0.571, 0.129]","3"
"8_17-8_3","0.18","0.32","0.03","[0.177]","[0.32]","[0.034]","1"
"8_17-8_31","0.61","0.90","1.00","[0.614]","[0.9]","[1.0]","1"
"8_18-8_37","0.44","0.44","0.44","[0.443]","[0.443]","[0.443]","1"
"8_2-9_36","0.59","0.17","0.74","[0.594]","[0.166]","[0.737]","1"
"8_2-9_39","0.66","0.09","0.00","[0.663]","[0.091]","[0.0]","1"
"8_22-8_34","0.91","0.91","0.62","[0.906]","[0.906]","[0.62]","1"
"8_22-8_51","0.33","0.90","0.33","[0.329]","[0.9]","[0.329]","1"
"8_22-8_54","0.86","0.72","1.00","[0.863]","[0.72]","[1.0]","1"
"8_23-9_36","0.75","0.46","0.89","[0.749]","[0.463]","[0.891]","1"
"8_24-8_54","0.51","0.79","0.79","[0.506]","[0.791]","[0.791]","1"
"8_24-9_17","0.15","0.29","0.01","[0.149]","[0.291]","[0.006]","1"
"8_25-9_15","0.39","0.39","0.39","[0.386]","[0.386]","[0.386]","1"
"8_29-8_39","0.71","0.71","0.71","[0.706]","[0.706]","[0.706]","1"
"8_31-8_37","0.41","0.41","0.13","[0.414]","[0.414]","[0.129]","1"
"8_31-9_53","0.19","0.19","0.62","[0.191]","[0.191]","[0.62]","1"
"8_34-9_12","0.61","0.76","0.47","[0.614]","[0.757]","[0.471]","1"
"8_34-9_21","0.86","0.86","0.86","[0.863]","[0.863]","[0.863]","1"
"8_36-9_31","0.20","0.20","0.06","[0.2]","[0.2]","[0.057]","1"
"8_37-8_42","0.66","0.95","0.00","[0.663]","[0.949]","[0.0]","1"
"8_37-9_3","0.07","0.21","1.00","[0.071]","[0.214]","[1.0]","1"
"8_4-9_11","0.39","0.25","0.25","[0.391]","[0.249]","[0.249]","1"
"8_41-9_12","0.13","0.13","0.41","[0.129]","[0.129]","[0.414]","1"
"8_43-9_41","0.39","0.25","0.11","[0.391]","[0.249]","[0.106]","1"
"8_43-9_48","0.72","0.72","0.87","[0.723]","[0.723]","[0.866]","1"
"8_44-9_19","0.57","0.29","0.43","[0.571]","[0.286]","[0.429]","1"
"8_45-8_8","1.00","1.00","1.00","[1.0]","[1.0]","[1.0]","1"
"8_46-9_45","0.80","0.94","0.94","[0.8]","[0.943]","[0.943]","1"
"8_5-9_22","0.31","0.23","0.37","[0.22, 0.829, 0.18, 0.051, 0.291]","[0.363, 0.4, 0.18, 0.051, 0.149]","[0.506, 0.543, 0.18, 0.051, 0.577]","5"
"8_5-9_8","0.21","0.28","0.07","[0.177, 0.249]","[0.32, 0.249]","[0.034, 0.106]","2"
"8_51-9_11","0.26","0.40","0.26","[0.257]","[0.4]","[0.257]","1"
"8_6-9_42","0.54","0.54","0.69","[0.543]","[0.543]","[0.686]","1"
"8_7-9_52","0.19","0.00","0.19","[0.194]","[0.0]","[0.194]","1"
"8_8-9_15","0.47","0.75","0.32","[0.466]","[0.751]","[0.323]","1"
"9_10-9_51","0.87","1.00","1.00","[0.866]","[1.0]","[1.0]","1"
"9_17-9_7","0.65","0.65","0.79","[0.651]","[0.651]","[0.794]","1"
"9_19-9_34","0.61","1.00","0.90","[0.614]","[1.0]","[0.9]","1"
"9_19-9_45","0.82","1.00","0.96","[0.82]","[1.0]","[0.963]","1"
"9_20-9_31","0.76","1.00","1.00","[0.757]","[1.0]","[1.0]","1"
"9_22-9_8","0.97","1.00","1.00","[0.851, 1.0]","[1.0, 1.0]","[1.0, 1.0]","2"
"9_24-9_30","0.43","0.86","1.00","[0.429]","[0.857]","[1.0]","1"
"9_24-9_41","0.89","1.00","1.00","[0.891]","[1.0]","[1.0]","1"
"9_27-9_45","0.64","0.93","0.79","[0.643]","[0.929]","[0.786]","1"
"9_34-9_47","0.41","0.70","1.00","[0.414]","[0.7]","[1.0]","1"
